Disease	Cluster	Gene
Age_at_menarche_ReproGen_2014	domino_2	8019
Age_at_menarche_ReproGen_2014	domino_2	256646
Age_at_menarche_ReproGen_2014	domino_2	221037
Age_at_menarche_ReproGen_2014	domino_2	23081
Age_at_menarche_ReproGen_2014	domino_2	8545
Age_at_menarche_ReproGen_2014	domino_2	10927
Age_at_menarche_ReproGen_2014	domino_2	9682
Age_at_menarche_ReproGen_2014	domino_2	653604
Age_at_menarche_ReproGen_2014	domino_2	55929
Age_at_menarche_ReproGen_2014	domino_2	23133
Age_at_menarche_ReproGen_2014	domino_2	8607
Age_at_menarche_ReproGen_2014	domino_2	64769
Age_at_menarche_ReproGen_2014	domino_2	23338
Age_at_menarche_ReproGen_2014	domino_1	441061
Age_at_menarche_ReproGen_2014	domino_1	55327
Age_at_menarche_ReproGen_2014	domino_1	9254
Age_at_menarche_ReproGen_2014	domino_1	27092
Age_at_menarche_ReproGen_2014	domino_1	8170
Age_at_menarche_ReproGen_2014	domino_1	359
Age_at_menarche_ReproGen_2014	domino_1	5792
Age_at_menarche_ReproGen_2014	domino_1	84631
Age_at_menarche_ReproGen_2014	domino_1	8927
Age_at_menarche_ReproGen_2014	domino_1	127262
Age_at_menarche_ReproGen_2014	domino_1	10497
Age_at_menarche_ReproGen_2014	domino_1	8500
Age_at_menarche_ReproGen_2014	domino_1	7225
Age_at_menarche_ReproGen_2014	domino_1	3708
Age_at_menarche_ReproGen_2014	domino_1	59341
Age_at_menarche_ReproGen_2014	domino_1	6861
Age_at_menarche_ReproGen_2014	domino_1	1742
Age_at_menarche_ReproGen_2014	domino_4	5300
Age_at_menarche_ReproGen_2014	domino_4	7534
Age_at_menarche_ReproGen_2014	domino_4	4485
Age_at_menarche_ReproGen_2014	domino_4	252983
Age_at_menarche_ReproGen_2014	domino_4	208
Age_at_menarche_ReproGen_2014	domino_4	10000
Age_at_menarche_ReproGen_2014	domino_4	2309
Age_at_menarche_ReproGen_2014	domino_5	2876
Age_at_menarche_ReproGen_2014	domino_5	221357
Age_at_menarche_ReproGen_2014	domino_5	4482
Age_at_menarche_ReproGen_2014	domino_5	327
Age_at_menarche_ReproGen_2014	domino_5	27306
Age_at_menarche_ReproGen_2014	domino_5	1728
Age_at_menarche_ReproGen_2014	domino_5	51734
Age_at_menarche_ReproGen_2014	domino_6	55294
Age_at_menarche_ReproGen_2014	domino_6	401036
Age_at_menarche_ReproGen_2014	domino_6	57531
Age_at_menarche_ReproGen_2014	domino_6	90933
Age_at_menarche_ReproGen_2014	domino_6	390594
Age_at_menarche_ReproGen_2014	domino_6	11059
Age_at_menarche_ReproGen_2014	domino_6	57535
Age_at_menarche_ReproGen_2014	domino_3	9846
Age_at_menarche_ReproGen_2014	domino_3	400581
Age_at_menarche_ReproGen_2014	domino_3	10718
Age_at_menarche_ReproGen_2014	domino_3	93664
Age_at_menarche_ReproGen_2014	domino_3	10818
Age_at_menarche_ReproGen_2014	domino_3	10817
Age_at_menarche_ReproGen_2014	domino_3	627
Age_at_menarche_ReproGen_2014	domino_3	7525
Age_at_menarche_ReproGen_2014	domino_8	148523
Age_at_menarche_ReproGen_2014	domino_8	406
Age_at_menarche_ReproGen_2014	domino_8	6258
Age_at_menarche_ReproGen_2014	domino_8	5469
Age_at_menarche_ReproGen_2014	domino_8	2033
Age_at_menarche_ReproGen_2014	domino_8	9477
Age_at_menarche_ReproGen_2014	domino_7	705
Age_at_menarche_ReproGen_2014	domino_7	102724159
Age_at_menarche_ReproGen_2014	domino_7	28987
Age_at_menarche_ReproGen_2014	domino_7	692312
Age_at_menarche_ReproGen_2014	domino_7	84306
Age_at_menarche_ReproGen_2014	domino_7	153443
Age_at_menarche_ReproGen_2014	domino_7	51602
Age_at_menarche_ReproGen_2014	domino_12	833
Age_at_menarche_ReproGen_2014	domino_12	7453
Age_at_menarche_ReproGen_2014	domino_12	79731
Age_at_menarche_ReproGen_2014	domino_11	26470
Age_at_menarche_ReproGen_2014	domino_11	8479
Age_at_menarche_ReproGen_2014	domino_11	10423
Age_at_menarche_ReproGen_2014	domino_9	79190
Age_at_menarche_ReproGen_2014	domino_9	79068
Age_at_menarche_ReproGen_2014	domino_9	10973
Age_at_menarche_ReproGen_2014	domino_9	94097
Age_at_menarche_ReproGen_2014	domino_9	221120
Age_at_menarche_ReproGen_2014	domino_10	57683
Age_at_menarche_ReproGen_2014	domino_10	26054
Age_at_menarche_ReproGen_2014	domino_10	154215
Age_at_menarche_ReproGen_2014	domino_10	7341
Age_at_menarche_ReproGen_2014	domino_10	6304
Age_at_menarche_ReproGen_2017	domino_1	23410
Age_at_menarche_ReproGen_2017	domino_1	83933
Age_at_menarche_ReproGen_2017	domino_1	6934
Age_at_menarche_ReproGen_2017	domino_1	474382
Age_at_menarche_ReproGen_2017	domino_1	10363
Age_at_menarche_ReproGen_2017	domino_1	55758
Age_at_menarche_ReproGen_2017	domino_1	51773
Age_at_menarche_ReproGen_2017	domino_1	80816
Age_at_menarche_ReproGen_2017	domino_1	8314
Age_at_menarche_ReproGen_2017	domino_1	23492
Age_at_menarche_ReproGen_2017	domino_1	100532731
Age_at_menarche_ReproGen_2017	domino_1	4990
Age_at_menarche_ReproGen_2017	domino_1	5080
Age_at_menarche_ReproGen_2017	domino_1	23030
Age_at_menarche_ReproGen_2017	domino_1	7867
Age_at_menarche_ReproGen_2017	domino_1	6688
Age_at_menarche_ReproGen_2017	domino_1	80312
Age_at_menarche_ReproGen_2017	domino_1	25942
Age_at_menarche_ReproGen_2017	domino_1	8085
Age_at_menarche_ReproGen_2017	domino_1	23135
Age_at_menarche_ReproGen_2017	domino_1	51317
Age_at_menarche_ReproGen_2017	domino_1	440689
Age_at_menarche_ReproGen_2017	domino_1	2140
Age_at_menarche_ReproGen_2017	domino_1	51804
Age_at_menarche_ReproGen_2017	domino_1	9898
Age_at_menarche_ReproGen_2017	domino_1	23054
Age_at_menarche_ReproGen_2017	domino_1	3014
Age_at_menarche_ReproGen_2017	domino_1	473
Age_at_menarche_ReproGen_2017	domino_1	3065
Age_at_menarche_ReproGen_2017	domino_1	9678
Age_at_menarche_ReproGen_2017	domino_1	23466
Age_at_menarche_ReproGen_2017	domino_1	9757
Age_at_menarche_ReproGen_2017	domino_1	57690
Age_at_menarche_ReproGen_2017	domino_1	10919
Age_at_menarche_ReproGen_2017	domino_1	84108
Age_at_menarche_ReproGen_2017	domino_1	27309
Age_at_menarche_ReproGen_2017	domino_1	7343
Age_at_menarche_ReproGen_2017	domino_1	3017
Age_at_menarche_ReproGen_2017	domino_1	25777
Age_at_menarche_ReproGen_2017	domino_1	3066
Age_at_menarche_ReproGen_2017	domino_2	107282092
Age_at_menarche_ReproGen_2017	domino_2	57521
Age_at_menarche_ReproGen_2017	domino_2	9776
Age_at_menarche_ReproGen_2017	domino_2	153129
Age_at_menarche_ReproGen_2017	domino_2	9821
Age_at_menarche_ReproGen_2017	domino_2	4485
Age_at_menarche_ReproGen_2017	domino_2	10971
Age_at_menarche_ReproGen_2017	domino_2	5300
Age_at_menarche_ReproGen_2017	domino_2	5571
Age_at_menarche_ReproGen_2017	domino_2	51596
Age_at_menarche_ReproGen_2017	domino_2	53944
Age_at_menarche_ReproGen_2017	domino_2	7534
Age_at_menarche_ReproGen_2017	domino_2	79109
Age_at_menarche_ReproGen_2017	domino_2	84335
Age_at_menarche_ReproGen_2017	domino_2	10000
Age_at_menarche_ReproGen_2017	domino_2	4486
Age_at_menarche_ReproGen_2017	domino_2	55626
Age_at_menarche_ReproGen_2017	domino_2	60673
Age_at_menarche_ReproGen_2017	domino_2	6198
Age_at_menarche_ReproGen_2017	domino_2	27250
Age_at_menarche_ReproGen_2017	domino_2	2309
Age_at_menarche_ReproGen_2017	domino_2	253260
Age_at_menarche_ReproGen_2017	domino_2	200186
Age_at_menarche_ReproGen_2017	domino_2	2308
Age_at_menarche_ReproGen_2017	domino_2	84557
Age_at_menarche_ReproGen_2017	domino_2	208
Age_at_menarche_ReproGen_2017	domino_2	252983
Age_at_menarche_ReproGen_2017	domino_2	10641
Age_at_menarche_ReproGen_2017	domino_2	23334
Age_at_menarche_ReproGen_2017	domino_3	112950
Age_at_menarche_ReproGen_2017	domino_3	400569
Age_at_menarche_ReproGen_2017	domino_3	6258
Age_at_menarche_ReproGen_2017	domino_3	10499
Age_at_menarche_ReproGen_2017	domino_3	9325
Age_at_menarche_ReproGen_2017	domino_3	7009
Age_at_menarche_ReproGen_2017	domino_3	23017
Age_at_menarche_ReproGen_2017	domino_3	9611
Age_at_menarche_ReproGen_2017	domino_3	406
Age_at_menarche_ReproGen_2017	domino_3	148523
Age_at_menarche_ReproGen_2017	domino_3	7021
Age_at_menarche_ReproGen_2017	domino_3	79047
Age_at_menarche_ReproGen_2017	domino_3	219541
Age_at_menarche_ReproGen_2017	domino_3	90390
Age_at_menarche_ReproGen_2017	domino_3	55870
Age_at_menarche_ReproGen_2017	domino_3	23389
Age_at_menarche_ReproGen_2017	domino_3	7068
Age_at_menarche_ReproGen_2017	domino_3	5469
Age_at_menarche_ReproGen_2017	domino_3	6095
Age_at_menarche_ReproGen_2017	domino_3	9575
Age_at_menarche_ReproGen_2017	domino_3	129787
Age_at_menarche_ReproGen_2017	domino_3	9477
Age_at_menarche_ReproGen_2017	domino_3	2033
Age_at_menarche_ReproGen_2017	domino_6	54535
Age_at_menarche_ReproGen_2017	domino_6	126295
Age_at_menarche_ReproGen_2017	domino_6	9768
Age_at_menarche_ReproGen_2017	domino_6	387103
Age_at_menarche_ReproGen_2017	domino_6	5528
Age_at_menarche_ReproGen_2017	domino_6	401541
Age_at_menarche_ReproGen_2017	domino_6	8379
Age_at_menarche_ReproGen_2017	domino_6	80352
Age_at_menarche_ReproGen_2017	domino_6	6941
Age_at_menarche_ReproGen_2017	domino_6	7514
Age_at_menarche_ReproGen_2017	domino_6	220134
Age_at_menarche_ReproGen_2017	domino_6	991
Age_at_menarche_ReproGen_2017	domino_6	7216
Age_at_menarche_ReproGen_2017	domino_6	10024
Age_at_menarche_ReproGen_2017	domino_6	56155
Age_at_menarche_ReproGen_2017	domino_6	23047
Age_at_menarche_ReproGen_2017	domino_6	259266
Age_at_menarche_ReproGen_2017	domino_6	55355
Age_at_menarche_ReproGen_2017	domino_7	80737
Age_at_menarche_ReproGen_2017	domino_7	7407
Age_at_menarche_ReproGen_2017	domino_7	7453
Age_at_menarche_ReproGen_2017	domino_7	123283
Age_at_menarche_ReproGen_2017	domino_7	5859
Age_at_menarche_ReproGen_2017	domino_7	124454
Age_at_menarche_ReproGen_2017	domino_7	23082
Age_at_menarche_ReproGen_2017	domino_7	7019
Age_at_menarche_ReproGen_2017	domino_7	56652
Age_at_menarche_ReproGen_2017	domino_7	11232
Age_at_menarche_ReproGen_2017	domino_7	22907
Age_at_menarche_ReproGen_2017	domino_7	5442
Age_at_menarche_ReproGen_2017	domino_7	79731
Age_at_menarche_ReproGen_2017	domino_7	92935
Age_at_menarche_ReproGen_2017	domino_7	5917
Age_at_menarche_ReproGen_2017	domino_7	80325
Age_at_menarche_ReproGen_2017	domino_7	9052
Age_at_menarche_ReproGen_2017	domino_7	2193
Age_at_menarche_ReproGen_2017	domino_4	23623
Age_at_menarche_ReproGen_2017	domino_4	5604
Age_at_menarche_ReproGen_2017	domino_4	28954
Age_at_menarche_ReproGen_2017	domino_4	4296
Age_at_menarche_ReproGen_2017	domino_4	8844
Age_at_menarche_ReproGen_2017	domino_4	399665
Age_at_menarche_ReproGen_2017	domino_4	8631
Age_at_menarche_ReproGen_2017	domino_4	7529
Age_at_menarche_ReproGen_2017	domino_4	283455
Age_at_menarche_ReproGen_2017	domino_4	6494
Age_at_menarche_ReproGen_2017	domino_4	5908
Age_at_menarche_ReproGen_2017	domino_4	22882
Age_at_menarche_ReproGen_2017	domino_4	26137
Age_at_menarche_ReproGen_2017	domino_4	2077
Age_at_menarche_ReproGen_2017	domino_4	5595
Age_at_menarche_ReproGen_2017	domino_4	4342
Age_at_menarche_ReproGen_2017	domino_4	9863
Age_at_menarche_ReproGen_2017	domino_4	9693
Age_at_menarche_ReproGen_2017	domino_4	54518
Age_at_menarche_ReproGen_2017	domino_4	3845
Age_at_menarche_ReproGen_2017	domino_5	26054
Age_at_menarche_ReproGen_2017	domino_5	387082
Age_at_menarche_ReproGen_2017	domino_5	9063
Age_at_menarche_ReproGen_2017	domino_5	154215
Age_at_menarche_ReproGen_2017	domino_5	115426
Age_at_menarche_ReproGen_2017	domino_5	7690
Age_at_menarche_ReproGen_2017	domino_5	4929
Age_at_menarche_ReproGen_2017	domino_5	5309
Age_at_menarche_ReproGen_2017	domino_5	22903
Age_at_menarche_ReproGen_2017	domino_5	7341
Age_at_menarche_ReproGen_2017	domino_5	59343
Age_at_menarche_ReproGen_2017	domino_5	5987
Age_at_menarche_ReproGen_2017	domino_5	55729
Age_at_menarche_ReproGen_2017	domino_5	644100
Age_at_menarche_ReproGen_2017	domino_5	10055
Age_at_menarche_ReproGen_2017	domino_5	29843
Age_at_menarche_ReproGen_2017	domino_5	57683
Age_at_menarche_ReproGen_2017	domino_5	6304
Age_at_menarche_ReproGen_2017	domino_5	7329
Age_at_menarche_ReproGen_2017	domino_5	4152
Age_at_menarche_ReproGen_2017	domino_8	57561
Age_at_menarche_ReproGen_2017	domino_8	11060
Age_at_menarche_ReproGen_2017	domino_8	80762
Age_at_menarche_ReproGen_2017	domino_8	51274
Age_at_menarche_ReproGen_2017	domino_8	1488
Age_at_menarche_ReproGen_2017	domino_8	653145
Age_at_menarche_ReproGen_2017	domino_8	3131
Age_at_menarche_ReproGen_2017	domino_8	54602
Age_at_menarche_ReproGen_2017	domino_8	6911
Age_at_menarche_ReproGen_2017	domino_8	343930
Age_at_menarche_ReproGen_2017	domino_8	27286
Age_at_menarche_ReproGen_2017	domino_8	11279
Age_at_menarche_ReproGen_2017	domino_8	54567
Age_at_menarche_ReproGen_2017	domino_8	7089
Age_at_menarche_ReproGen_2017	domino_8	3516
Age_at_menarche_ReproGen_2017	domino_8	3714
Age_at_menarche_ReproGen_2017	domino_8	84667
Age_at_menarche_ReproGen_2017	domino_8	55851
Age_at_menarche_ReproGen_2017	domino_9	7483
Age_at_menarche_ReproGen_2017	domino_9	80326
Age_at_menarche_ReproGen_2017	domino_9	7480
Age_at_menarche_ReproGen_2017	domino_9	8321
Age_at_menarche_ReproGen_2017	domino_9	8324
Age_at_menarche_ReproGen_2017	domino_9	5754
Age_at_menopause_ReproGen_2015	domino_1	5557
Age_at_menopause_ReproGen_2015	domino_1	254394
Age_at_menopause_ReproGen_2015	domino_1	57697
Age_at_menopause_ReproGen_2015	domino_1	348654
Age_at_menopause_ReproGen_2015	domino_1	113201
Age_at_menopause_ReproGen_2015	domino_1	4439
Age_at_menopause_ReproGen_2015	domino_1	7520
Age_at_menopause_ReproGen_2015	domino_1	286257
Age_at_menopause_ReproGen_2015	domino_1	143570
Age_at_menopause_ReproGen_2015	domino_1	9156
Age_at_menopause_ReproGen_2015	domino_1	146956
Age_at_menopause_ReproGen_2015	domino_1	11144
Age_at_menopause_ReproGen_2015	domino_1	84057
Age_at_menopause_ReproGen_2015	domino_1	2956
Age_at_menopause_ReproGen_2015	domino_1	56852
Age_at_menopause_ReproGen_2015	domino_1	257218
Age_at_menopause_ReproGen_2015	domino_1	672
Age_at_menopause_ReproGen_2015	domino_1	8438
Age_at_menopause_ReproGen_2015	domino_1	55719
Age_at_menopause_ReproGen_2015	domino_1	9852
Age_at_menopause_ReproGen_2015	domino_1	545
Age_at_menopause_ReproGen_2015	domino_1	113510
Age_at_menopause_ReproGen_2015	domino_1	84515
Age_at_menopause_ReproGen_2015	domino_1	55215
Age_at_menopause_ReproGen_2015	domino_1	5378
Age_at_menopause_ReproGen_2015	domino_1	23626
Age_at_menopause_ReproGen_2015	domino_3	8604
Age_at_menopause_ReproGen_2015	domino_3	100287932
Age_at_menopause_ReproGen_2015	domino_3	4795
Age_at_menopause_ReproGen_2015	domino_3	146206
Age_at_menopause_ReproGen_2015	domino_3	150274
Age_at_menopause_ReproGen_2015	domino_3	534
Age_at_menopause_ReproGen_2015	domino_3	10452
Age_at_menopause_ReproGen_2015	domino_3	708
Age_at_menopause_ReproGen_2015	domino_3	56993
Age_at_menopause_ReproGen_2015	domino_3	29928
Age_at_menopause_ReproGen_2015	domino_3	526
Age_at_menopause_ReproGen_2015	domino_3	516
Age_at_menopause_ReproGen_2015	domino_3	4714
Age_at_menopause_ReproGen_2015	domino_3	51103
Age_at_menopause_ReproGen_2015	domino_2	3303
Age_at_menopause_ReproGen_2015	domino_2	100101267
Age_at_menopause_ReproGen_2015	domino_2	23640
Age_at_menopause_ReproGen_2015	domino_2	64771
Age_at_menopause_ReproGen_2015	domino_2	3304
Age_at_menopause_ReproGen_2015	domino_2	2646
Age_at_menopause_ReproGen_2015	domino_2	348995
Age_at_menopause_ReproGen_2015	domino_2	85479
Age_at_menopause_ReproGen_2015	domino_2	3305
Age_at_menopause_ReproGen_2015	domino_2	150353
Age_at_menopause_ReproGen_2015	domino_2	22824
Age_at_menopause_ReproGen_2015	domino_2	4927
Age_at_menopause_ReproGen_2015	domino_2	57805
Age_at_menopause_ReproGen_2015	domino_2	3310
Age_at_menopause_ReproGen_2015	domino_2	3301
Age_at_menopause_ReproGen_2015	domino_6	387338
Age_at_menopause_ReproGen_2015	domino_6	117246
Age_at_menopause_ReproGen_2015	domino_6	10521
Age_at_menopause_ReproGen_2015	domino_6	84154
Age_at_menopause_ReproGen_2015	domino_6	51605
Age_at_menopause_ReproGen_2015	domino_6	102724159
Age_at_menopause_ReproGen_2015	domino_6	26156
Age_at_menopause_ReproGen_2015	domino_6	11340
Age_at_menopause_ReproGen_2015	domino_6	9567
Age_at_menopause_ReproGen_2015	domino_6	134430
Age_at_menopause_ReproGen_2015	domino_8	4782
Age_at_menopause_ReproGen_2015	domino_8	51728
Age_at_menopause_ReproGen_2015	domino_8	11321
Age_at_menopause_ReproGen_2015	domino_8	79871
Age_at_menopause_ReproGen_2015	domino_8	2976
Age_at_menopause_ReproGen_2015	domino_8	23168
Age_at_menopause_ReproGen_2015	domino_8	5441
Age_at_menopause_ReproGen_2015	domino_5	56892
Age_at_menopause_ReproGen_2015	domino_5	27257
Age_at_menopause_ReproGen_2015	domino_5	64420
Age_at_menopause_ReproGen_2015	domino_5	81550
Age_at_menopause_ReproGen_2015	domino_5	57864
Age_at_menopause_ReproGen_2015	domino_5	56165
Age_at_menopause_ReproGen_2015	domino_5	23567
Age_at_menopause_ReproGen_2015	domino_5	6895
Age_at_menopause_ReproGen_2015	domino_5	9271
Age_at_menopause_ReproGen_2015	domino_5	54464
Age_at_menopause_ReproGen_2015	domino_5	113802
Age_at_menopause_ReproGen_2015	domino_5	23405
Age_at_menopause_ReproGen_2015	domino_12	23197
Age_at_menopause_ReproGen_2015	domino_12	388697
Age_at_menopause_ReproGen_2015	domino_12	10493
Age_at_menopause_ReproGen_2015	domino_12	2665
Age_at_menopause_ReproGen_2015	domino_4	9028
Age_at_menopause_ReproGen_2015	domino_4	55486
Age_at_menopause_ReproGen_2015	domino_4	64285
Age_at_menopause_ReproGen_2015	domino_4	23677
Age_at_menopause_ReproGen_2015	domino_4	64121
Age_at_menopause_ReproGen_2015	domino_4	79651
Age_at_menopause_ReproGen_2015	domino_4	79929
Age_at_menopause_ReproGen_2015	domino_4	84446
Age_at_menopause_ReproGen_2015	domino_4	6794
Age_at_menopause_ReproGen_2015	domino_4	25776
Age_at_menopause_ReproGen_2015	domino_4	207
Age_at_menopause_ReproGen_2015	domino_4	65018
Age_at_menopause_ReproGen_2015	domino_4	51422
Age_at_menopause_ReproGen_2015	domino_4	9821
Age_at_menopause_ReproGen_2015	domino_11	51203
Age_at_menopause_ReproGen_2015	domino_11	259266
Age_at_menopause_ReproGen_2015	domino_11	10274
Age_at_menopause_ReproGen_2015	domino_11	378708
Age_at_menopause_ReproGen_2015	domino_11	11339
Age_at_menopause_ReproGen_2015	domino_10	7920
Age_at_menopause_ReproGen_2015	domino_10	221527
Age_at_menopause_ReproGen_2015	domino_10	7918
Age_at_menopause_ReproGen_2015	domino_10	7916
Age_at_menopause_ReproGen_2015	domino_10	7940
Age_at_menopause_ReproGen_2015	domino_7	7407
Age_at_menopause_ReproGen_2015	domino_7	123283
Age_at_menopause_ReproGen_2015	domino_7	80325
Age_at_menopause_ReproGen_2015	domino_7	80737
Age_at_menopause_ReproGen_2015	domino_7	5428
Age_at_menopause_ReproGen_2015	domino_7	11232
Age_at_menopause_ReproGen_2015	domino_7	79731
Age_at_menopause_ReproGen_2015	domino_13	51720
Age_at_menopause_ReproGen_2015	domino_13	165918
Age_at_menopause_ReproGen_2015	domino_13	84142
Age_at_menopause_ReproGen_2015	domino_9	5496
Age_at_menopause_ReproGen_2015	domino_9	132160
Age_at_menopause_ReproGen_2015	domino_9	51274
Age_at_menopause_ReproGen_2015	domino_9	1488
Age_at_menopause_ReproGen_2015	domino_9	11279
Age_at_menopause_ReproGen_2015	domino_9	7090
Age_related_Macular_Degeneration_NA_2016	domino_1	55937
Age_related_Macular_Degeneration_NA_2016	domino_1	116519
Age_related_Macular_Degeneration_NA_2016	domino_1	3490
Age_related_Macular_Degeneration_NA_2016	domino_1	401138
Age_related_Macular_Degeneration_NA_2016	domino_1	348
Age_related_Macular_Degeneration_NA_2016	domino_1	27202
Age_related_Macular_Degeneration_NA_2016	domino_1	720
Age_related_Macular_Degeneration_NA_2016	domino_1	718
Age_related_Macular_Degeneration_NA_2016	domino_1	375056
Age_related_Macular_Degeneration_NA_2016	domino_1	9911
Age_related_Macular_Degeneration_NA_2016	domino_1	3080
Age_related_Macular_Degeneration_NA_2016	domino_1	10877
Age_related_Macular_Degeneration_NA_2016	domino_1	81494
Age_related_Macular_Degeneration_NA_2016	domino_1	341
Age_related_Macular_Degeneration_NA_2016	domino_1	1071
Age_related_Macular_Degeneration_NA_2016	domino_1	255738
Age_related_Macular_Degeneration_NA_2016	domino_1	2165
Age_related_Macular_Degeneration_NA_2016	domino_1	5624
Age_related_Macular_Degeneration_NA_2016	domino_2	56244
Age_related_Macular_Degeneration_NA_2016	domino_2	10665
Age_related_Macular_Degeneration_NA_2016	domino_2	3122
Age_related_Macular_Degeneration_NA_2016	domino_2	388646
Age_related_Macular_Degeneration_NA_2016	domino_2	259197
Age_related_Macular_Degeneration_NA_2016	domino_2	100507436
Age_related_Macular_Degeneration_NA_2016	domino_2	4277
Age_related_Macular_Degeneration_NA_2016	domino_2	3106
Age_related_Macular_Degeneration_NA_2016	domino_2	3117
Age_related_Macular_Degeneration_NA_2016	domino_2	115361
Age_related_Macular_Degeneration_NA_2016	domino_2	3107
Age_related_Macular_Degeneration_NA_2016	domino_2	353514
Age_related_Macular_Degeneration_NA_2016	domino_2	11074
Age_related_Macular_Degeneration_NA_2016	domino_2	3119
Age_related_Macular_Degeneration_NA_2016	domino_2	3140
Age_related_Macular_Degeneration_NA_2016	domino_2	55080
Age_related_Macular_Degeneration_NA_2016	domino_2	4684
Age_related_Macular_Degeneration_NA_2016	domino_2	3123
Age_related_Macular_Degeneration_NA_2016	domino_3	8837
Age_related_Macular_Degeneration_NA_2016	domino_3	148022
Age_related_Macular_Degeneration_NA_2016	domino_3	25816
Age_related_Macular_Degeneration_NA_2016	domino_3	7124
Age_related_Macular_Degeneration_NA_2016	domino_3	84888
Age_related_Macular_Degeneration_NA_2016	domino_3	5783
Age_related_Macular_Degeneration_NA_2016	domino_3	59338
Age_related_Macular_Degeneration_NA_2016	domino_3	8797
Age_related_Macular_Degeneration_NA_2016	domino_3	220972
Age_related_Macular_Degeneration_NA_2016	domino_3	56928
Age_related_Macular_Degeneration_NA_2016	domino_3	177
Age_related_Macular_Degeneration_NA_2016	domino_3	7099
Age_related_Macular_Degeneration_NA_2016	domino_3	23098
Age_related_Macular_Degeneration_NA_2016	domino_3	11035
Age_related_Macular_Degeneration_NA_2016	domino_3	839
Age_related_Macular_Degeneration_NA_2016	domino_3	843
Age_related_Macular_Degeneration_NA_2016	domino_3	3654
Age_related_Macular_Degeneration_NA_2016	domino_3	27178
Age_related_Macular_Degeneration_NA_2016	domino_4	4179
Age_related_Macular_Degeneration_NA_2016	domino_4	721
Age_related_Macular_Degeneration_NA_2016	domino_4	3004
Age_related_Macular_Degeneration_NA_2016	domino_4	629
Age_related_Macular_Degeneration_NA_2016	domino_4	51155
Age_related_Macular_Degeneration_NA_2016	domino_4	387715
Age_related_Macular_Degeneration_NA_2016	domino_4	55329
Age_related_Macular_Degeneration_NA_2016	domino_4	10878
Age_related_Macular_Degeneration_NA_2016	domino_4	3075
Age_related_Macular_Degeneration_NA_2016	domino_4	81614
Age_related_Macular_Degeneration_NA_2016	domino_4	1378
Age_related_Macular_Degeneration_NA_2016	domino_4	717
Age_related_Macular_Degeneration_NA_2016	domino_4	123606
Age_related_Macular_Degeneration_NA_2016	domino_4	725
Age_related_Macular_Degeneration_NA_2016	domino_4	3426
Age_related_Macular_Degeneration_NA_2016	domino_4	3078
Age_related_Macular_Degeneration_NA_2016	domino_4	722
Age_related_Macular_Degeneration_NA_2016	domino_4	10747
Age_related_Macular_Degeneration_NA_2016	domino_10	221527
Age_related_Macular_Degeneration_NA_2016	domino_10	7920
Age_related_Macular_Degeneration_NA_2016	domino_10	7918
Age_related_Macular_Degeneration_NA_2016	domino_10	7940
Age_related_Macular_Degeneration_NA_2016	domino_10	7916
Age_related_Macular_Degeneration_NA_2016	domino_5	54790
Age_related_Macular_Degeneration_NA_2016	domino_5	5460
Age_related_Macular_Degeneration_NA_2016	domino_5	4088
Age_related_Macular_Degeneration_NA_2016	domino_5	56937
Age_related_Macular_Degeneration_NA_2016	domino_5	1460
Age_related_Macular_Degeneration_NA_2016	domino_5	51177
Age_related_Macular_Degeneration_NA_2016	domino_5	2649
Age_related_Macular_Degeneration_NA_2016	domino_5	7030
Age_related_Macular_Degeneration_NA_2016	domino_5	26095
Age_related_Macular_Degeneration_NA_2016	domino_5	7048
Age_related_Macular_Degeneration_NA_2016	domino_5	7046
Age_related_Macular_Degeneration_NA_2016	domino_5	9958
Age_related_Macular_Degeneration_NA_2016	domino_5	199
Age_related_Macular_Degeneration_NA_2016	domino_5	2670
Age_related_Macular_Degeneration_NA_2016	domino_5	9839
Age_related_Macular_Degeneration_NA_2016	domino_5	6657
Age_related_Macular_Degeneration_NA_2016	domino_7	113201
Age_related_Macular_Degeneration_NA_2016	domino_7	4439
Age_related_Macular_Degeneration_NA_2016	domino_7	5425
Age_related_Macular_Degeneration_NA_2016	domino_7	26073
Age_related_Macular_Degeneration_NA_2016	domino_7	641
Age_related_Macular_Degeneration_NA_2016	domino_7	5890
Age_related_Macular_Degeneration_NA_2016	domino_7	84126
Age_related_Macular_Degeneration_NA_2016	domino_7	4999
Age_related_Macular_Degeneration_NA_2016	domino_8	80352
Age_related_Macular_Degeneration_NA_2016	domino_8	6941
Age_related_Macular_Degeneration_NA_2016	domino_8	259266
Age_related_Macular_Degeneration_NA_2016	domino_8	157570
Age_related_Macular_Degeneration_NA_2016	domino_8	126295
Age_related_Macular_Degeneration_NA_2016	domino_8	54535
Age_related_Macular_Degeneration_NA_2016	domino_8	9212
Age_related_Macular_Degeneration_NA_2016	domino_8	10274
Age_related_Macular_Degeneration_NA_2016	domino_11	1265
Age_related_Macular_Degeneration_NA_2016	domino_11	126014
Age_related_Macular_Degeneration_NA_2016	domino_11	4758
Age_related_Macular_Degeneration_NA_2016	domino_11	4318
Age_related_Macular_Degeneration_NA_2016	domino_9	3303
Age_related_Macular_Degeneration_NA_2016	domino_9	100101267
Age_related_Macular_Degeneration_NA_2016	domino_9	3305
Age_related_Macular_Degeneration_NA_2016	domino_9	348995
Age_related_Macular_Degeneration_NA_2016	domino_9	85479
Age_related_Macular_Degeneration_NA_2016	domino_9	3304
Age_related_Macular_Degeneration_NA_2016	domino_9	150353
Age_related_Macular_Degeneration_NA_2016	domino_6	80737
Age_related_Macular_Degeneration_NA_2016	domino_6	7407
Age_related_Macular_Degeneration_NA_2016	domino_6	112464
Age_related_Macular_Degeneration_NA_2016	domino_6	9991
Age_related_Macular_Degeneration_NA_2016	domino_6	80325
Age_related_Macular_Degeneration_NA_2016	domino_6	29937
Age_related_Macular_Degeneration_NA_2016	domino_6	9374
Age_related_Macular_Degeneration_NA_2016	domino_6	54938
Alcohol_dependence_NA_2013	domino_1	5997
Alcohol_dependence_NA_2013	domino_1	5592
Alcohol_dependence_NA_2013	domino_1	643866
Alcohol_dependence_NA_2013	domino_1	2895
Alcohol_dependence_NA_2013	domino_1	5581
Alcohol_dependence_NA_2013	domino_1	65108
Alcohol_dependence_NA_2013	domino_1	9478
Alcohol_dependence_NA_2013	domino_1	775
Alcohol_dependence_NA_2013	domino_1	158405
Alcohol_dependence_NA_2013	domino_1	253559
Alcohol_dependence_NA_2013	domino_1	26050
Alcohol_dependence_NA_2013	domino_1	5789
Alcohol_dependence_NA_2013	domino_1	3778
Alcohol_dependence_NA_2013	domino_1	157855
Alcohol_dependence_NA_2013	domino_1	57118
Alcohol_dependence_NA_2013	domino_1	163688
Alcohol_dependence_NA_2013	domino_1	5775
Alcohol_dependence_NA_2013	domino_1	139065
Alcohol_dependence_NA_2013	domino_1	392862
Alcohol_dependence_NA_2013	domino_1	1740
Alcohol_dependence_NA_2013	domino_1	93643
Alcohol_dependence_NA_2013	domino_1	8618
Alcohol_dependence_NA_2013	domino_1	91608
Alcohol_dependence_NA_2013	domino_1	6262
Alcohol_dependence_NA_2013	domino_1	80318
Alcohol_dependence_NA_2013	domino_1	139411
Alcohol_dependence_NA_2013	domino_1	9228
Alcohol_dependence_NA_2013	domino_1	55799
Alcohol_dependence_NA_2013	domino_1	59285
Alcohol_dependence_NA_2013	domino_1	6263
Alcohol_dependence_NA_2013	domino_1	10842
Alcohol_dependence_NA_2013	domino_1	11248
Alcohol_dependence_NA_2013	domino_1	9378
Alcohol_dependence_NA_2013	domino_1	11247
Alcohol_dependence_NA_2013	domino_1	26047
Alcohol_dependence_NA_2013	domino_1	54413
Alcohol_dependence_NA_2013	domino_1	341359
Alcohol_dependence_NA_2013	domino_1	148281
Alcohol_dependence_NA_2013	domino_1	869
Alcohol_dependence_NA_2013	domino_1	11249
Alcohol_dependence_NA_2013	domino_1	30010
Alcohol_dependence_NA_2013	domino_1	57586
Alcohol_dependence_NA_2013	domino_1	84631
Alcohol_dependence_NA_2013	domino_1	8224
Alcohol_dependence_NA_2013	domino_1	64130
Alcohol_dependence_NA_2013	domino_1	22865
Alcohol_dependence_NA_2013	domino_1	7225
Alcohol_dependence_NA_2013	domino_1	5593
Alcohol_dependence_NA_2013	domino_1	9569
Alcohol_dependence_NA_2013	domino_1	9229
Alcohol_dependence_NA_2013	domino_1	58512
Alcohol_dependence_NA_2013	domino_1	59341
Alcohol_dependence_NA_2013	domino_1	59284
Alcohol_dependence_NA_2013	domino_1	10497
Alcohol_dependence_NA_2013	domino_1	57555
Alcohol_dependence_NA_2013	domino_1	773
Alcohol_dependence_NA_2013	domino_1	6261
Alcohol_dependence_NA_2013	domino_1	323
Alcohol_dependence_NA_2013	domino_1	321
Alcohol_dependence_NA_2013	domino_1	2035
Alcohol_dependence_NA_2013	domino_1	40
Alcohol_dependence_NA_2013	domino_1	1742
Alcohol_dependence_NA_2013	domino_1	8912
Alcohol_dependence_NA_2013	domino_1	8497
Alcohol_dependence_NA_2013	domino_2	285195
Alcohol_dependence_NA_2013	domino_2	1795
Alcohol_dependence_NA_2013	domino_2	440730
Alcohol_dependence_NA_2013	domino_2	1630
Alcohol_dependence_NA_2013	domino_2	118611
Alcohol_dependence_NA_2013	domino_2	1793
Alcohol_dependence_NA_2013	domino_2	541468
Alcohol_dependence_NA_2013	domino_2	399687
Alcohol_dependence_NA_2013	domino_2	158800
Alcohol_dependence_NA_2013	domino_2	8633
Alcohol_dependence_NA_2013	domino_2	2259
Alcohol_dependence_NA_2013	domino_2	2263
Alcohol_dependence_NA_2013	domino_2	151871
Alcohol_dependence_NA_2013	domino_2	2257
Alcohol_dependence_NA_2013	domino_2	577
Alcohol_dependence_NA_2013	domino_2	9844
Alcohol_dependence_NA_2013	domino_2	7454
Alcohol_dependence_NA_2013	domino_2	8522
Alcohol_dependence_NA_2013	domino_2	100423062
Alcohol_dependence_NA_2013	domino_2	5781
Alcohol_dependence_NA_2013	domino_2	238
Alcohol_dependence_NA_2013	domino_2	5295
Alcohol_dependence_NA_2013	domino_2	6503
Alcohol_dependence_NA_2013	domino_2	4067
Alcohol_dependence_NA_2013	domino_2	284
Alcohol_dependence_NA_2013	domino_2	219699
Alcohol_dependence_NA_2013	domino_2	2066
Alcohol_dependence_NA_2013	domino_2	2260
Alcohol_dependence_NA_2013	domino_2	7525
Alcohol_dependence_NA_2013	domino_2	10458
Alcohol_dependence_NA_2013	domino_5	55691
Alcohol_dependence_NA_2013	domino_5	117583
Alcohol_dependence_NA_2013	domino_5	1012
Alcohol_dependence_NA_2013	domino_5	64403
Alcohol_dependence_NA_2013	domino_5	387755
Alcohol_dependence_NA_2013	domino_5	1496
Alcohol_dependence_NA_2013	domino_5	50937
Alcohol_dependence_NA_2013	domino_5	29119
Alcohol_dependence_NA_2013	domino_5	1499
Alcohol_dependence_NA_2013	domino_5	1002
Alcohol_dependence_NA_2013	domino_5	1501
Alcohol_dependence_NA_2013	domino_5	5797
Alcohol_dependence_NA_2013	domino_5	50855
Alcohol_dependence_NA_2013	domino_8	50863
Alcohol_dependence_NA_2013	domino_8	646627
Alcohol_dependence_NA_2013	domino_8	4045
Alcohol_dependence_NA_2013	domino_8	5793
Alcohol_dependence_NA_2013	domino_8	152330
Alcohol_dependence_NA_2013	domino_8	4978
Alcohol_dependence_NA_2013	domino_8	503542
Alcohol_dependence_NA_2013	domino_8	161357
Alcohol_dependence_NA_2013	domino_8	353091
Alcohol_dependence_NA_2013	domino_8	257194
Alcohol_dependence_NA_2013	domino_7	7068
Alcohol_dependence_NA_2013	domino_7	10891
Alcohol_dependence_NA_2013	domino_7	6095
Alcohol_dependence_NA_2013	domino_7	63976
Alcohol_dependence_NA_2013	domino_7	64641
Alcohol_dependence_NA_2013	domino_7	2104
Alcohol_dependence_NA_2013	domino_7	6541
Alcohol_dependence_NA_2013	domino_7	1052
Alcohol_dependence_NA_2013	domino_7	56853
Alcohol_dependence_NA_2013	domino_7	9612
Alcohol_dependence_NA_2013	domino_7	112950
Alcohol_dependence_NA_2013	domino_6	91624
Alcohol_dependence_NA_2013	domino_6	6840
Alcohol_dependence_NA_2013	domino_6	89797
Alcohol_dependence_NA_2013	domino_6	1264
Alcohol_dependence_NA_2013	domino_6	4621
Alcohol_dependence_NA_2013	domino_6	63895
Alcohol_dependence_NA_2013	domino_6	9644
Alcohol_dependence_NA_2013	domino_6	8038
Alcohol_dependence_NA_2013	domino_6	1838
Alcohol_dependence_NA_2013	domino_6	1756
Alcohol_dependence_NA_2013	domino_6	57144
Alcohol_dependence_NA_2013	domino_6	445582
Alcohol_dependence_NA_2013	domino_6	58
Alcohol_dependence_NA_2013	domino_4	9220
Alcohol_dependence_NA_2013	domino_4	51741
Alcohol_dependence_NA_2013	domino_4	64207
Alcohol_dependence_NA_2013	domino_4	9686
Alcohol_dependence_NA_2013	domino_4	26145
Alcohol_dependence_NA_2013	domino_4	22875
Alcohol_dependence_NA_2013	domino_4	2272
Alcohol_dependence_NA_2013	domino_4	79817
Alcohol_dependence_NA_2013	domino_4	158038
Alcohol_dependence_NA_2013	domino_4	57447
Alcohol_dependence_NA_2013	domino_4	10397
Alcohol_dependence_NA_2013	domino_4	359948
Alcohol_dependence_NA_2013	domino_4	7157
Alcohol_dependence_NA_2013	domino_4	10413
Alcohol_dependence_NA_2013	domino_4	122786
Alcohol_dependence_NA_2013	domino_4	9113
Alcohol_dependence_NA_2013	domino_4	8463
Alcohol_dependence_NA_2013	domino_9	9223
Alcohol_dependence_NA_2013	domino_9	260425
Alcohol_dependence_NA_2013	domino_9	23022
Alcohol_dependence_NA_2013	domino_9	6714
Alcohol_dependence_NA_2013	domino_9	9444
Alcohol_dependence_NA_2013	domino_9	54715
Alcohol_dependence_NA_2013	domino_9	9863
Alcohol_dependence_NA_2013	domino_9	51735
Alcohol_dependence_NA_2013	domino_9	283455
Alcohol_dependence_NA_2013	domino_9	5908
Alcohol_dependence_NA_2013	domino_3	60506
Alcohol_dependence_NA_2013	domino_3	23284
Alcohol_dependence_NA_2013	domino_3	57408
Alcohol_dependence_NA_2013	domino_3	23266
Alcohol_dependence_NA_2013	domino_3	94030
Alcohol_dependence_NA_2013	domino_3	57689
Alcohol_dependence_NA_2013	domino_3	100505591
Alcohol_dependence_NA_2013	domino_3	116135
Alcohol_dependence_NA_2013	domino_3	81543
Alcohol_dependence_NA_2013	domino_3	23507
Alcohol_dependence_NA_2013	domino_3	166647
Alcohol_dependence_NA_2013	domino_3	131578
Alcohol_dependence_NA_2013	domino_3	25960
Alcohol_dependence_NA_2013	domino_3	9884
Alcohol_dependence_NA_2013	domino_3	7399
Alcohol_dependence_NA_2013	domino_3	10083
Alcohol_dependence_NA_2013	domino_3	1833
Alcohol_dependence_NA_2013	domino_3	65217
Alcohol_dependence_NA_2013	domino_3	124590
Alcohol_dependence_NA_2013	domino_3	64072
Alcohol_dependence_NA_2013	domino_3	25861
Alcohol_dependence_NA_2013	domino_3	9353
Alcohol_dependence_NA_2013	domino_3	6092
Alcohol_dependence_NA_2013	domino_12	2131
Alcohol_dependence_NA_2013	domino_12	375790
Alcohol_dependence_NA_2013	domino_12	2262
Alcohol_dependence_NA_2013	domino_12	10082
Alcohol_dependence_NA_2013	domino_12	55790
Alcohol_dependence_NA_2013	domino_12	10675
Alcohol_dependence_NA_2013	domino_13	23236
Alcohol_dependence_NA_2013	domino_13	594857
Alcohol_dependence_NA_2013	domino_13	8997
Alcohol_dependence_NA_2013	domino_13	2869
Alcohol_dependence_NA_2013	domino_13	1131
Alcohol_dependence_NA_2013	domino_13	56344
Alcohol_dependence_NA_2013	domino_11	30820
Alcohol_dependence_NA_2013	domino_11	127933
Alcohol_dependence_NA_2013	domino_11	3208
Alcohol_dependence_NA_2013	domino_11	3752
Alcohol_dependence_NA_2013	domino_11	402665
Alcohol_dependence_NA_2013	domino_11	1804
Alcohol_dependence_NA_2013	domino_11	30819
Alcohol_dependence_NA_2013	domino_11	80333
Alcohol_dependence_NA_2013	domino_16	10371
Alcohol_dependence_NA_2013	domino_16	91584
Alcohol_dependence_NA_2013	domino_16	1821
Alcohol_dependence_NA_2013	domino_16	1808
Alcohol_dependence_NA_2013	domino_16	9645
Alcohol_dependence_NA_2013	domino_14	5046
Alcohol_dependence_NA_2013	domino_14	2312
Alcohol_dependence_NA_2013	domino_14	23254
Alcohol_dependence_NA_2013	domino_14	5493
Alcohol_dependence_NA_2013	domino_14	8502
Alcohol_dependence_NA_2013	domino_14	23037
Alcohol_dependence_NA_2013	domino_15	79875
Alcohol_dependence_NA_2013	domino_15	221981
Alcohol_dependence_NA_2013	domino_15	79807
Alcohol_dependence_NA_2013	domino_15	9037
Alcohol_dependence_NA_2013	domino_15	171019
Alcohol_dependence_NA_2013	domino_15	56999
Alcohol_dependence_NA_2013	domino_10	2762
Alcohol_dependence_NA_2013	domino_10	60312
Alcohol_dependence_NA_2013	domino_10	84905
Alcohol_dependence_NA_2013	domino_10	128869
Alcohol_dependence_NA_2013	domino_10	54344
Alcohol_dependence_NA_2013	domino_10	2218
Alcohol_dependence_NA_2013	domino_10	9215
Alcohol_dependence_NA_2013	domino_10	8813
Alcohol_dependence_NA_2013	domino_10	84720
Alcohol_dependence_NA_2013	domino_17	5799
Alcohol_dependence_NA_2013	domino_17	5798
Alcohol_dependence_NA_2013	domino_17	55532
Alcohol_dependence_NA_2013	domino_17	201266
Asthma__fixed_effect_model__NA_2018	domino_1	4277
Asthma__fixed_effect_model__NA_2018	domino_1	100507436
Asthma__fixed_effect_model__NA_2018	domino_1	56244
Asthma__fixed_effect_model__NA_2018	domino_1	10665
Asthma__fixed_effect_model__NA_2018	domino_1	7726
Asthma__fixed_effect_model__NA_2018	domino_1	115361
Asthma__fixed_effect_model__NA_2018	domino_1	11074
Asthma__fixed_effect_model__NA_2018	domino_1	3659
Asthma__fixed_effect_model__NA_2018	domino_1	3106
Asthma__fixed_effect_model__NA_2018	domino_1	55080
Asthma__fixed_effect_model__NA_2018	domino_1	3117
Asthma__fixed_effect_model__NA_2018	domino_1	80128
Asthma__fixed_effect_model__NA_2018	domino_1	3119
Asthma__fixed_effect_model__NA_2018	domino_1	3123
Asthma__fixed_effect_model__NA_2018	domino_1	3122
Asthma__fixed_effect_model__NA_2018	domino_1	80263
Asthma__fixed_effect_model__NA_2018	domino_1	3821
Asthma__fixed_effect_model__NA_2018	domino_4	9173
Asthma__fixed_effect_model__NA_2018	domino_4	90865
Asthma__fixed_effect_model__NA_2018	domino_4	8809
Asthma__fixed_effect_model__NA_2018	domino_4	10068
Asthma__fixed_effect_model__NA_2018	domino_4	27179
Asthma__fixed_effect_model__NA_2018	domino_4	8808
Asthma__fixed_effect_model__NA_2018	domino_4	8807
Asthma__fixed_effect_model__NA_2018	domino_4	27178
Asthma__fixed_effect_model__NA_2018	domino_4	51135
Asthma__fixed_effect_model__NA_2018	domino_4	3554
Asthma__fixed_effect_model__NA_2018	domino_3	3596
Asthma__fixed_effect_model__NA_2018	domino_3	149233
Asthma__fixed_effect_model__NA_2018	domino_3	54625
Asthma__fixed_effect_model__NA_2018	domino_3	6778
Asthma__fixed_effect_model__NA_2018	domino_3	56169
Asthma__fixed_effect_model__NA_2018	domino_3	55876
Asthma__fixed_effect_model__NA_2018	domino_3	85480
Asthma__fixed_effect_model__NA_2018	domino_3	84666
Asthma__fixed_effect_model__NA_2018	domino_3	124626
Asthma__fixed_effect_model__NA_2018	domino_3	22806
Asthma__fixed_effect_model__NA_2018	domino_3	1440
Asthma__fixed_effect_model__NA_2018	domino_3	3718
Asthma__fixed_effect_model__NA_2018	domino_2	5469
Asthma__fixed_effect_model__NA_2018	domino_2	400569
Asthma__fixed_effect_model__NA_2018	domino_2	3992
Asthma__fixed_effect_model__NA_2018	domino_2	80205
Asthma__fixed_effect_model__NA_2018	domino_2	9862
Asthma__fixed_effect_model__NA_2018	domino_2	9415
Asthma__fixed_effect_model__NA_2018	domino_2	142827
Asthma__fixed_effect_model__NA_2018	domino_2	126382
Asthma__fixed_effect_model__NA_2018	domino_2	54988
Asthma__fixed_effect_model__NA_2018	domino_2	7067
Asthma__fixed_effect_model__NA_2018	domino_2	9968
Asthma__fixed_effect_model__NA_2018	domino_2	6095
Asthma__fixed_effect_model__NA_2018	domino_2	10891
Asthma__fixed_effect_model__NA_2018	domino_2	116285
Asthma__fixed_effect_model__NA_2018	domino_2	79071
Asthma__fixed_effect_model__NA_2018	domino_5	51564
Asthma__fixed_effect_model__NA_2018	domino_5	255626
Asthma__fixed_effect_model__NA_2018	domino_5	8340
Asthma__fixed_effect_model__NA_2018	domino_5	644186
Asthma__fixed_effect_model__NA_2018	domino_5	26147
Asthma__fixed_effect_model__NA_2018	domino_5	55766
Asthma__fixed_effect_model__NA_2018	domino_5	8341
Asthma__fixed_effect_model__NA_2018	domino_5	2625
Asthma__fixed_effect_model__NA_2018	domino_7	8329
Asthma__fixed_effect_model__NA_2018	domino_7	723790
Asthma__fixed_effect_model__NA_2018	domino_7	3024
Asthma__fixed_effect_model__NA_2018	domino_7	3009
Asthma__fixed_effect_model__NA_2018	domino_7	8356
Asthma__fixed_effect_model__NA_2018	domino_6	51460
Asthma__fixed_effect_model__NA_2018	domino_6	5696
Asthma__fixed_effect_model__NA_2018	domino_6	5709
Asthma__fixed_effect_model__NA_2018	domino_6	399473
Asthma__fixed_effect_model__NA_2018	domino_6	51162
Asthma__fixed_effect_model__NA_2018	domino_6	4855
Asthma__fixed_effect_model__NA_2018	domino_6	8650
Atrial_fibrillation_NA_2018	domino_1	9499
Atrial_fibrillation_NA_2018	domino_1	58529
Atrial_fibrillation_NA_2018	domino_1	307
Atrial_fibrillation_NA_2018	domino_1	8291
Atrial_fibrillation_NA_2018	domino_1	8751
Atrial_fibrillation_NA_2018	domino_1	285590
Atrial_fibrillation_NA_2018	domino_1	200539
Atrial_fibrillation_NA_2018	domino_1	7273
Atrial_fibrillation_NA_2018	domino_1	4624
Atrial_fibrillation_NA_2018	domino_1	146862
Atrial_fibrillation_NA_2018	domino_1	26287
Atrial_fibrillation_NA_2018	domino_1	8728
Atrial_fibrillation_NA_2018	domino_1	9644
Atrial_fibrillation_NA_2018	domino_1	4046
Atrial_fibrillation_NA_2018	domino_1	7111
Atrial_fibrillation_NA_2018	domino_1	8038
Atrial_fibrillation_NA_2018	domino_1	845
Atrial_fibrillation_NA_2018	domino_1	442721
Atrial_fibrillation_NA_2018	domino_1	1073
Atrial_fibrillation_NA_2018	domino_1	131377
Atrial_fibrillation_NA_2018	domino_1	89797
Atrial_fibrillation_NA_2018	domino_1	1264
Atrial_fibrillation_NA_2018	domino_1	4625
Atrial_fibrillation_NA_2018	domino_1	11155
Atrial_fibrillation_NA_2018	domino_1	9948
Atrial_fibrillation_NA_2018	domino_1	7464
Atrial_fibrillation_NA_2018	domino_1	282996
Atrial_fibrillation_NA_2018	domino_1	8048
Atrial_fibrillation_NA_2018	domino_1	4606
Atrial_fibrillation_NA_2018	domino_1	3936
Atrial_fibrillation_NA_2018	domino_1	1140
Atrial_fibrillation_NA_2018	domino_1	1144
Atrial_fibrillation_NA_2018	domino_1	1756
Atrial_fibrillation_NA_2018	domino_1	8082
Atrial_fibrillation_NA_2018	domino_1	72
Atrial_fibrillation_NA_2018	domino_1	825
Atrial_fibrillation_NA_2018	domino_3	9632
Atrial_fibrillation_NA_2018	domino_3	553115
Atrial_fibrillation_NA_2018	domino_3	126208
Atrial_fibrillation_NA_2018	domino_3	662
Atrial_fibrillation_NA_2018	domino_3	8729
Atrial_fibrillation_NA_2018	domino_3	285643
Atrial_fibrillation_NA_2018	domino_3	57120
Atrial_fibrillation_NA_2018	domino_3	10228
Atrial_fibrillation_NA_2018	domino_3	22872
Atrial_fibrillation_NA_2018	domino_3	254263
Atrial_fibrillation_NA_2018	domino_3	10112
Atrial_fibrillation_NA_2018	domino_3	55014
Atrial_fibrillation_NA_2018	domino_3	8013
Atrial_fibrillation_NA_2018	domino_3	4905
Atrial_fibrillation_NA_2018	domino_3	5861
Atrial_fibrillation_NA_2018	domino_4	26249
Atrial_fibrillation_NA_2018	domino_4	401036
Atrial_fibrillation_NA_2018	domino_4	8835
Atrial_fibrillation_NA_2018	domino_4	8697
Atrial_fibrillation_NA_2018	domino_4	390594
Atrial_fibrillation_NA_2018	domino_4	255488
Atrial_fibrillation_NA_2018	domino_4	283807
Atrial_fibrillation_NA_2018	domino_4	51320
Atrial_fibrillation_NA_2018	domino_4	6468
Atrial_fibrillation_NA_2018	domino_4	114907
Atrial_fibrillation_NA_2018	domino_4	8925
Atrial_fibrillation_NA_2018	domino_2	1482
Atrial_fibrillation_NA_2018	domino_2	93649
Atrial_fibrillation_NA_2018	domino_2	348980
Atrial_fibrillation_NA_2018	domino_2	10021
Atrial_fibrillation_NA_2018	domino_2	7030
Atrial_fibrillation_NA_2018	domino_2	4089
Atrial_fibrillation_NA_2018	domino_2	6909
Atrial_fibrillation_NA_2018	domino_2	610
Atrial_fibrillation_NA_2018	domino_2	159296
Atrial_fibrillation_NA_2018	domino_2	6910
Atrial_fibrillation_NA_2018	domino_2	55897
Atrial_fibrillation_NA_2018	domino_2	64919
Atrial_fibrillation_NA_2018	domino_2	23314
Atrial_fibrillation_NA_2018	domino_2	857
Atrial_fibrillation_NA_2018	domino_2	4092
Atrial_fibrillation_NA_2018	domino_2	50805
Atrial_fibrillation_NA_2018	domino_2	3670
Atrial_fibrillation_NA_2018	domino_2	9314
Atrial_fibrillation_NA_2018	domino_2	6497
Atrial_fibrillation_NA_2018	domino_2	860
Atrial_fibrillation_NA_2018	domino_7	1163
Atrial_fibrillation_NA_2018	domino_7	51053
Atrial_fibrillation_NA_2018	domino_7	80212
Atrial_fibrillation_NA_2018	domino_7	51377
Atrial_fibrillation_NA_2018	domino_7	23053
Atrial_fibrillation_NA_2018	domino_7	143471
Atrial_fibrillation_NA_2018	domino_7	8742
Atrial_fibrillation_NA_2018	domino_7	5695
Atrial_fibrillation_NA_2018	domino_7	10213
Atrial_fibrillation_NA_2018	domino_6	3752
Atrial_fibrillation_NA_2018	domino_6	80333
Atrial_fibrillation_NA_2018	domino_6	3208
Atrial_fibrillation_NA_2018	domino_6	6336
Atrial_fibrillation_NA_2018	domino_6	54795
Atrial_fibrillation_NA_2018	domino_6	6331
Atrial_fibrillation_NA_2018	domino_6	3741
Atrial_fibrillation_NA_2018	domino_6	30819
Atrial_fibrillation_NA_2018	domino_6	3757
Atrial_fibrillation_NA_2018	domino_6	23630
Atrial_fibrillation_NA_2018	domino_5	5469
Atrial_fibrillation_NA_2018	domino_5	400569
Atrial_fibrillation_NA_2018	domino_5	126382
Atrial_fibrillation_NA_2018	domino_5	29946
Atrial_fibrillation_NA_2018	domino_5	79991
Atrial_fibrillation_NA_2018	domino_5	9862
Atrial_fibrillation_NA_2018	domino_5	112950
Atrial_fibrillation_NA_2018	domino_5	23091
Atrial_fibrillation_NA_2018	domino_5	55870
Atrial_fibrillation_NA_2018	domino_5	1051
Atrial_fibrillation_NA_2018	domino_5	3298
Atrial_fibrillation_NA_2018	domino_11	1394
Atrial_fibrillation_NA_2018	domino_11	285601
Atrial_fibrillation_NA_2018	domino_11	59345
Atrial_fibrillation_NA_2018	domino_11	3762
Atrial_fibrillation_NA_2018	domino_11	94235
Atrial_fibrillation_NA_2018	domino_11	1081
Atrial_fibrillation_NA_2018	domino_8	7023
Atrial_fibrillation_NA_2018	domino_8	1026
Atrial_fibrillation_NA_2018	domino_8	1021
Atrial_fibrillation_NA_2018	domino_8	219771
Atrial_fibrillation_NA_2018	domino_8	4856
Atrial_fibrillation_NA_2018	domino_8	1031
Atrial_fibrillation_NA_2018	domino_8	1029
Atrial_fibrillation_NA_2018	domino_8	25946
Atrial_fibrillation_NA_2018	domino_8	463
Atrial_fibrillation_NA_2018	domino_14	51780
Atrial_fibrillation_NA_2018	domino_14	55818
Atrial_fibrillation_NA_2018	domino_14	6603
Atrial_fibrillation_NA_2018	domino_14	8110
Atrial_fibrillation_NA_2018	domino_12	23066
Atrial_fibrillation_NA_2018	domino_12	8451
Atrial_fibrillation_NA_2018	domino_12	51138
Atrial_fibrillation_NA_2018	domino_12	93973
Atrial_fibrillation_NA_2018	domino_12	138009
Atrial_fibrillation_NA_2018	domino_9	133746
Atrial_fibrillation_NA_2018	domino_9	4194
Atrial_fibrillation_NA_2018	domino_9	284680
Atrial_fibrillation_NA_2018	domino_9	55670
Atrial_fibrillation_NA_2018	domino_9	54469
Atrial_fibrillation_NA_2018	domino_9	7321
Atrial_fibrillation_NA_2018	domino_9	7323
Atrial_fibrillation_NA_2018	domino_15	6678
Atrial_fibrillation_NA_2018	domino_15	6695
Atrial_fibrillation_NA_2018	domino_15	2267
Atrial_fibrillation_NA_2018	domino_15	7057
Atrial_fibrillation_NA_2018	domino_13	4007
Atrial_fibrillation_NA_2018	domino_13	81839
Atrial_fibrillation_NA_2018	domino_13	29964
Atrial_fibrillation_NA_2018	domino_13	8326
Atrial_fibrillation_NA_2018	domino_13	7473
Atrial_fibrillation_NA_2018	domino_10	310
Atrial_fibrillation_NA_2018	domino_10	29907
Atrial_fibrillation_NA_2018	domino_10	6717
Atrial_fibrillation_NA_2018	domino_10	10311
Atrial_fibrillation_NA_2018	domino_10	23039
Atrial_fibrillation_NA_2018	domino_10	51699
Crohn_s_Disease_IBDgenetics_2010	domino_1	7124
Crohn_s_Disease_IBDgenetics_2010	domino_1	257397
Crohn_s_Disease_IBDgenetics_2010	domino_1	56928
Crohn_s_Disease_IBDgenetics_2010	domino_1	1540
Crohn_s_Disease_IBDgenetics_2010	domino_1	7375
Crohn_s_Disease_IBDgenetics_2010	domino_1	81858
Crohn_s_Disease_IBDgenetics_2010	domino_1	9966
Crohn_s_Disease_IBDgenetics_2010	domino_1	8771
Crohn_s_Disease_IBDgenetics_2010	domino_1	602
Crohn_s_Disease_IBDgenetics_2010	domino_1	10068
Crohn_s_Disease_IBDgenetics_2010	domino_1	8807
Crohn_s_Disease_IBDgenetics_2010	domino_1	64170
Crohn_s_Disease_IBDgenetics_2010	domino_1	64127
Crohn_s_Disease_IBDgenetics_2010	domino_1	25816
Crohn_s_Disease_IBDgenetics_2010	domino_1	84888
Crohn_s_Disease_IBDgenetics_2010	domino_1	8809
Crohn_s_Disease_IBDgenetics_2010	domino_1	8718
Crohn_s_Disease_IBDgenetics_2010	domino_1	4615
Crohn_s_Disease_IBDgenetics_2010	domino_1	9173
Crohn_s_Disease_IBDgenetics_2010	domino_1	8772
Crohn_s_Disease_IBDgenetics_2010	domino_4	23400
Crohn_s_Disease_IBDgenetics_2010	domino_4	120892
Crohn_s_Disease_IBDgenetics_2010	domino_4	4486
Crohn_s_Disease_IBDgenetics_2010	domino_4	10971
Crohn_s_Disease_IBDgenetics_2010	domino_4	4485
Crohn_s_Disease_IBDgenetics_2010	domino_4	345611
Crohn_s_Disease_IBDgenetics_2010	domino_4	83734
Crohn_s_Disease_IBDgenetics_2010	domino_4	572
Crohn_s_Disease_IBDgenetics_2010	domino_4	9627
Crohn_s_Disease_IBDgenetics_2010	domino_4	55054
Crohn_s_Disease_IBDgenetics_2010	domino_4	4012
Crohn_s_Disease_IBDgenetics_2010	domino_4	9821
Crohn_s_Disease_IBDgenetics_2010	domino_4	5562
Crohn_s_Disease_IBDgenetics_2010	domino_4	8878
Crohn_s_Disease_IBDgenetics_2010	domino_5	4277
Crohn_s_Disease_IBDgenetics_2010	domino_5	100507436
Crohn_s_Disease_IBDgenetics_2010	domino_5	3135
Crohn_s_Disease_IBDgenetics_2010	domino_5	388646
Crohn_s_Disease_IBDgenetics_2010	domino_5	3659
Crohn_s_Disease_IBDgenetics_2010	domino_5	3140
Crohn_s_Disease_IBDgenetics_2010	domino_5	3107
Crohn_s_Disease_IBDgenetics_2010	domino_5	3118
Crohn_s_Disease_IBDgenetics_2010	domino_5	3117
Crohn_s_Disease_IBDgenetics_2010	domino_5	115362
Crohn_s_Disease_IBDgenetics_2010	domino_5	51447
Crohn_s_Disease_IBDgenetics_2010	domino_5	2537
Crohn_s_Disease_IBDgenetics_2010	domino_5	259197
Crohn_s_Disease_IBDgenetics_2010	domino_5	3811
Crohn_s_Disease_IBDgenetics_2010	domino_3	6016
Crohn_s_Disease_IBDgenetics_2010	domino_3	57139
Crohn_s_Disease_IBDgenetics_2010	domino_3	6584
Crohn_s_Disease_IBDgenetics_2010	domino_3	118788
Crohn_s_Disease_IBDgenetics_2010	domino_3	25970
Crohn_s_Disease_IBDgenetics_2010	domino_3	4916
Crohn_s_Disease_IBDgenetics_2010	domino_3	11140
Crohn_s_Disease_IBDgenetics_2010	domino_3	5335
Crohn_s_Disease_IBDgenetics_2010	domino_3	51744
Crohn_s_Disease_IBDgenetics_2010	domino_3	2534
Crohn_s_Disease_IBDgenetics_2010	domino_3	2885
Crohn_s_Disease_IBDgenetics_2010	domino_3	152831
Crohn_s_Disease_IBDgenetics_2010	domino_3	10817
Crohn_s_Disease_IBDgenetics_2010	domino_3	51517
Crohn_s_Disease_IBDgenetics_2010	domino_3	627
Crohn_s_Disease_IBDgenetics_2010	domino_3	7454
Crohn_s_Disease_IBDgenetics_2010	domino_2	56169
Crohn_s_Disease_IBDgenetics_2010	domino_2	55876
Crohn_s_Disease_IBDgenetics_2010	domino_2	9077
Crohn_s_Disease_IBDgenetics_2010	domino_2	6774
Crohn_s_Disease_IBDgenetics_2010	domino_2	3593
Crohn_s_Disease_IBDgenetics_2010	domino_2	149233
Crohn_s_Disease_IBDgenetics_2010	domino_2	3717
Crohn_s_Disease_IBDgenetics_2010	domino_2	246778
Crohn_s_Disease_IBDgenetics_2010	domino_2	5771
Crohn_s_Disease_IBDgenetics_2010	domino_2	6778
Crohn_s_Disease_IBDgenetics_2010	domino_2	124626
Crohn_s_Disease_IBDgenetics_2010	domino_2	11122
Crohn_s_Disease_IBDgenetics_2010	domino_2	6347
Crohn_s_Disease_IBDgenetics_2010	domino_2	80149
Crohn_s_Disease_IBDgenetics_2010	domino_2	112744
Crohn_s_Disease_IBDgenetics_2010	domino_2	22806
Crohn_s_Disease_IBDgenetics_2010	domino_2	6772
Crohn_s_Disease_IBDgenetics_2010	domino_2	3716
Crohn_s_Disease_IBDgenetics_2010	domino_9	7318
Crohn_s_Disease_IBDgenetics_2010	domino_9	401036
Crohn_s_Disease_IBDgenetics_2010	domino_9	10616
Crohn_s_Disease_IBDgenetics_2010	domino_9	10293
Crohn_s_Disease_IBDgenetics_2010	domino_9	63891
Crohn_s_Disease_IBDgenetics_2010	domino_9	8453
Crohn_s_Disease_IBDgenetics_2010	domino_10	284119
Crohn_s_Disease_IBDgenetics_2010	domino_10	404672
Crohn_s_Disease_IBDgenetics_2010	domino_10	6621
Crohn_s_Disease_IBDgenetics_2010	domino_10	171568
Crohn_s_Disease_IBDgenetics_2010	domino_10	7936
Crohn_s_Disease_IBDgenetics_2010	domino_10	2968
Crohn_s_Disease_IBDgenetics_2010	domino_11	9807
Crohn_s_Disease_IBDgenetics_2010	domino_11	253430
Crohn_s_Disease_IBDgenetics_2010	domino_11	56623
Crohn_s_Disease_IBDgenetics_2010	domino_11	51196
Crohn_s_Disease_IBDgenetics_2010	domino_11	22908
Crohn_s_Disease_IBDgenetics_2010	domino_11	8897
Crohn_s_Disease_IBDgenetics_2010	domino_6	54988
Crohn_s_Disease_IBDgenetics_2010	domino_6	9415
Crohn_s_Disease_IBDgenetics_2010	domino_6	142827
Crohn_s_Disease_IBDgenetics_2010	domino_6	8863
Crohn_s_Disease_IBDgenetics_2010	domino_6	9572
Crohn_s_Disease_IBDgenetics_2010	domino_6	116285
Crohn_s_Disease_IBDgenetics_2010	domino_6	79071
Crohn_s_Disease_IBDgenetics_2010	domino_6	55870
Crohn_s_Disease_IBDgenetics_2010	domino_6	1387
Crohn_s_Disease_IBDgenetics_2010	domino_6	3992
Crohn_s_Disease_IBDgenetics_2010	domino_6	5469
Crohn_s_Disease_IBDgenetics_2010	domino_12	10911
Crohn_s_Disease_IBDgenetics_2010	domino_12	594857
Crohn_s_Disease_IBDgenetics_2010	domino_12	5331
Crohn_s_Disease_IBDgenetics_2010	domino_12	8477
Crohn_s_Disease_IBDgenetics_2010	domino_8	1388
Crohn_s_Disease_IBDgenetics_2010	domino_8	148327
Crohn_s_Disease_IBDgenetics_2010	domino_8	9457
Crohn_s_Disease_IBDgenetics_2010	domino_8	1390
Crohn_s_Disease_IBDgenetics_2010	domino_8	23764
Crohn_s_Disease_IBDgenetics_2010	domino_8	60468
Crohn_s_Disease_IBDgenetics_2010	domino_8	467
Crohn_s_Disease_IBDgenetics_2010	domino_15	55193
Crohn_s_Disease_IBDgenetics_2010	domino_15	1788
Crohn_s_Disease_IBDgenetics_2010	domino_15	29117
Crohn_s_Disease_IBDgenetics_2010	domino_16	29925
Crohn_s_Disease_IBDgenetics_2010	domino_16	85365
Crohn_s_Disease_IBDgenetics_2010	domino_16	91869
Crohn_s_Disease_IBDgenetics_2010	domino_17	7284
Crohn_s_Disease_IBDgenetics_2010	domino_17	118487
Crohn_s_Disease_IBDgenetics_2010	domino_17	7818
Crohn_s_Disease_IBDgenetics_2010	domino_13	150962
Crohn_s_Disease_IBDgenetics_2010	domino_13	54942
Crohn_s_Disease_IBDgenetics_2010	domino_13	5194
Crohn_s_Disease_IBDgenetics_2010	domino_13	5190
Crohn_s_Disease_IBDgenetics_2010	domino_14	629
Crohn_s_Disease_IBDgenetics_2010	domino_14	387715
Crohn_s_Disease_IBDgenetics_2010	domino_14	3004
Crohn_s_Disease_IBDgenetics_2010	domino_14	717
Crohn_s_Disease_IBDgenetics_2010	domino_7	79780
Crohn_s_Disease_IBDgenetics_2010	domino_7	63892
Crohn_s_Disease_IBDgenetics_2010	domino_7	221895
Crohn_s_Disease_IBDgenetics_2010	domino_7	10644
Crohn_s_Disease_IBDgenetics_2010	domino_7	8872
Crohn_s_Disease_IBDgenetics_2010	domino_7	54901
Crohn_s_Disease_IBDgenetics_2010	domino_7	7103
Crohn_s_Disease_IBDgenetics_2010	domino_7	3087
Educational_attainment_SSGAC_2016	domino_1	84631
Educational_attainment_SSGAC_2016	domino_1	5792
Educational_attainment_SSGAC_2016	domino_1	9378
Educational_attainment_SSGAC_2016	domino_1	57586
Educational_attainment_SSGAC_2016	domino_1	320
Educational_attainment_SSGAC_2016	domino_1	85445
Educational_attainment_SSGAC_2016	domino_1	253559
Educational_attainment_SSGAC_2016	domino_1	158405
Educational_attainment_SSGAC_2016	domino_1	11247
Educational_attainment_SSGAC_2016	domino_1	4137
Educational_attainment_SSGAC_2016	domino_1	84630
Educational_attainment_SSGAC_2016	domino_1	11248
Educational_attainment_SSGAC_2016	domino_1	30010
Educational_attainment_SSGAC_2016	domino_1	79937
Educational_attainment_SSGAC_2016	domino_1	6262
Educational_attainment_SSGAC_2016	domino_1	163688
Educational_attainment_SSGAC_2016	domino_1	4857
Educational_attainment_SSGAC_2016	domino_1	9379
Educational_attainment_SSGAC_2016	domino_1	808
Educational_attainment_SSGAC_2016	domino_1	57118
Educational_attainment_SSGAC_2016	domino_1	57524
Educational_attainment_SSGAC_2016	domino_1	4858
Educational_attainment_SSGAC_2016	domino_1	4842
Educational_attainment_SSGAC_2016	domino_1	8911
Educational_attainment_SSGAC_2016	domino_1	3745
Educational_attainment_SSGAC_2016	domino_1	3756
Educational_attainment_SSGAC_2016	domino_1	11249
Educational_attainment_SSGAC_2016	domino_1	8927
Educational_attainment_SSGAC_2016	domino_1	127262
Educational_attainment_SSGAC_2016	domino_1	5567
Educational_attainment_SSGAC_2016	domino_1	55327
Educational_attainment_SSGAC_2016	domino_1	9369
Educational_attainment_SSGAC_2016	domino_1	22999
Educational_attainment_SSGAC_2016	domino_1	8541
Educational_attainment_SSGAC_2016	domino_1	9495
Educational_attainment_SSGAC_2016	domino_1	3781
Educational_attainment_SSGAC_2016	domino_1	3778
Educational_attainment_SSGAC_2016	domino_1	8573
Educational_attainment_SSGAC_2016	domino_2	4781
Educational_attainment_SSGAC_2016	domino_2	171568
Educational_attainment_SSGAC_2016	domino_2	54700
Educational_attainment_SSGAC_2016	domino_2	404672
Educational_attainment_SSGAC_2016	domino_2	79004
Educational_attainment_SSGAC_2016	domino_2	404093
Educational_attainment_SSGAC_2016	domino_2	51755
Educational_attainment_SSGAC_2016	domino_2	3899
Educational_attainment_SSGAC_2016	domino_2	1025
Educational_attainment_SSGAC_2016	domino_2	4784
Educational_attainment_SSGAC_2016	domino_2	6908
Educational_attainment_SSGAC_2016	domino_2	51082
Educational_attainment_SSGAC_2016	domino_2	8178
Educational_attainment_SSGAC_2016	domino_2	8028
Educational_attainment_SSGAC_2016	domino_2	56257
Educational_attainment_SSGAC_2016	domino_4	112869
Educational_attainment_SSGAC_2016	domino_4	102157402
Educational_attainment_SSGAC_2016	domino_4	131831
Educational_attainment_SSGAC_2016	domino_4	284058
Educational_attainment_SSGAC_2016	domino_4	9682
Educational_attainment_SSGAC_2016	domino_4	653604
Educational_attainment_SSGAC_2016	domino_4	387893
Educational_attainment_SSGAC_2016	domino_4	554313
Educational_attainment_SSGAC_2016	domino_4	23468
Educational_attainment_SSGAC_2016	domino_4	8365
Educational_attainment_SSGAC_2016	domino_4	221037
Educational_attainment_SSGAC_2016	domino_4	84148
Educational_attainment_SSGAC_2016	domino_3	200150
Educational_attainment_SSGAC_2016	domino_3	9859
Educational_attainment_SSGAC_2016	domino_3	54930
Educational_attainment_SSGAC_2016	domino_3	728642
Educational_attainment_SSGAC_2016	domino_3	55930
Educational_attainment_SSGAC_2016	domino_3	8766
Educational_attainment_SSGAC_2016	domino_3	10806
Educational_attainment_SSGAC_2016	domino_3	9702
Educational_attainment_SSGAC_2016	domino_3	84140
Educational_attainment_SSGAC_2016	domino_3	159989
Educational_attainment_SSGAC_2016	domino_3	6787
Educational_attainment_SSGAC_2016	domino_3	84962
Educational_attainment_SSGAC_2016	domino_3	80184
Educational_attainment_SSGAC_2016	domino_3	132320
Educational_attainment_SSGAC_2016	domino_3	55755
Educational_attainment_SSGAC_2016	domino_5	9442
Educational_attainment_SSGAC_2016	domino_5	400569
Educational_attainment_SSGAC_2016	domino_5	9441
Educational_attainment_SSGAC_2016	domino_5	126382
Educational_attainment_SSGAC_2016	domino_5	5469
Educational_attainment_SSGAC_2016	domino_5	112950
Educational_attainment_SSGAC_2016	domino_5	84246
Educational_attainment_SSGAC_2016	domino_5	1052
Educational_attainment_SSGAC_2016	domino_5	56853
Educational_attainment_SSGAC_2016	domino_9	23654
Educational_attainment_SSGAC_2016	domino_9	223117
Educational_attainment_SSGAC_2016	domino_9	25803
Educational_attainment_SSGAC_2016	domino_9	90355
Educational_attainment_SSGAC_2016	domino_9	6405
Educational_attainment_SSGAC_2016	domino_9	1946
Educational_attainment_SSGAC_2016	domino_9	284656
Educational_attainment_SSGAC_2016	domino_6	9807
Educational_attainment_SSGAC_2016	domino_6	253430
Educational_attainment_SSGAC_2016	domino_6	51329
Educational_attainment_SSGAC_2016	domino_6	5305
Educational_attainment_SSGAC_2016	domino_6	54893
Educational_attainment_SSGAC_2016	domino_6	8898
Educational_attainment_SSGAC_2016	domino_6	9896
Educational_attainment_SSGAC_2016	domino_6	5287
Educational_attainment_SSGAC_2016	domino_6	51196
Educational_attainment_SSGAC_2016	domino_7	22890
Educational_attainment_SSGAC_2016	domino_7	9656
Educational_attainment_SSGAC_2016	domino_7	55729
Educational_attainment_SSGAC_2016	domino_7	644100
Educational_attainment_SSGAC_2016	domino_7	55206
Educational_attainment_SSGAC_2016	domino_7	55183
Educational_attainment_SSGAC_2016	domino_7	4929
Educational_attainment_SSGAC_2016	domino_7	5309
Educational_attainment_SSGAC_2016	domino_7	6613
Educational_attainment_SSGAC_2016	domino_8	100526835
Educational_attainment_SSGAC_2016	domino_8	51086
Educational_attainment_SSGAC_2016	domino_8	23215
Educational_attainment_SSGAC_2016	domino_8	646498
Educational_attainment_SSGAC_2016	domino_8	8790
Educational_attainment_SSGAC_2016	domino_8	5279
Educational_attainment_SSGAC_2016	domino_8	8818
Educational_attainment_SSGAC_2016	domino_8	29925
Educational_attainment_SSGAC_2016	domino_8	2762
Educational_attainment_SSGAC_2016	domino_10	1951
Educational_attainment_SSGAC_2016	domino_10	8326
Educational_attainment_SSGAC_2016	domino_10	7473
Extreme_Height_GIANT_2013	domino_1	10919
Extreme_Height_GIANT_2013	domino_1	474382
Extreme_Height_GIANT_2013	domino_1	253461
Extreme_Height_GIANT_2013	domino_1	1487
Extreme_Height_GIANT_2013	domino_1	84444
Extreme_Height_GIANT_2013	domino_1	79823
Extreme_Height_GIANT_2013	domino_1	79710
Extreme_Height_GIANT_2013	domino_1	23429
Extreme_Height_GIANT_2013	domino_1	6688
Extreme_Height_GIANT_2013	domino_1	57798
Extreme_Height_GIANT_2013	domino_1	5931
Extreme_Height_GIANT_2013	domino_1	7703
Extreme_Height_GIANT_2013	domino_1	6015
Extreme_Height_GIANT_2013	domino_2	8364
Extreme_Height_GIANT_2013	domino_2	723790
Extreme_Height_GIANT_2013	domino_2	8971
Extreme_Height_GIANT_2013	domino_2	3010
Extreme_Height_GIANT_2013	domino_2	8365
Extreme_Height_GIANT_2013	domino_2	51230
Extreme_Height_GIANT_2013	domino_2	8607
Extreme_Height_GIANT_2013	domino_2	3005
Extreme_Height_GIANT_2013	domino_2	8091
Extreme_Height_GIANT_2013	domino_6	896
Extreme_Height_GIANT_2013	domino_6	1021
Extreme_Height_GIANT_2013	domino_6	8555
Extreme_Height_GIANT_2013	domino_6	1017
Extreme_Height_GIANT_2013	domino_6	91768
Extreme_Height_GIANT_2013	domino_6	1869
Extreme_Height_GIANT_2013	domino_4	4237
Extreme_Height_GIANT_2013	domino_4	84695
Extreme_Height_GIANT_2013	domino_4	4016
Extreme_Height_GIANT_2013	domino_4	2202
Extreme_Height_GIANT_2013	domino_4	10516
Extreme_Height_GIANT_2013	domino_4	8974
Extreme_Height_GIANT_2013	domino_4	50509
Extreme_Height_GIANT_2013	domino_4	7093
Extreme_Height_GIANT_2013	domino_7	64151
Extreme_Height_GIANT_2013	domino_7	57623
Extreme_Height_GIANT_2013	domino_7	387103
Extreme_Height_GIANT_2013	domino_7	378708
Extreme_Height_GIANT_2013	domino_7	23047
Extreme_Height_GIANT_2013	domino_7	221150
Extreme_Height_GIANT_2013	domino_5	55080
Extreme_Height_GIANT_2013	domino_5	3106
Extreme_Height_GIANT_2013	domino_5	3140
Extreme_Height_GIANT_2013	domino_5	3107
Extreme_Height_GIANT_2013	domino_5	163351
Extreme_Height_GIANT_2013	domino_5	3821
Extreme_Height_GIANT_2013	domino_5	100507436
Extreme_Height_GIANT_2013	domino_3	8798
Extreme_Height_GIANT_2013	domino_3	10238
Extreme_Height_GIANT_2013	domino_3	26133
Extreme_Height_GIANT_2013	domino_3	80344
Extreme_Height_GIANT_2013	domino_3	8444
Extreme_Height_GIANT_2013	domino_3	5324
Extreme_Height_GIANT_2013	domino_3	254251
Extreme_Height_GIANT_2013	domino_3	27146
Extreme_Height_GIANT_2013	domino_3	54876
Extreme_Height_GIANT_2013	domino_8	5069
Extreme_Height_GIANT_2013	domino_8	29124
Extreme_Height_GIANT_2013	domino_8	10544
Extreme_Height_GIANT_2013	domino_8	5627
Extreme_Height_GIANT_2013	domino_8	3481
Height_GIANT_2010	domino_1	221491
Height_GIANT_2010	domino_1	3159
Height_GIANT_2010	domino_1	3077
Height_GIANT_2010	domino_1	723790
Height_GIANT_2010	domino_1	8347
Height_GIANT_2010	domino_1	653604
Height_GIANT_2010	domino_1	3024
Height_GIANT_2010	domino_1	29855
Height_GIANT_2010	domino_1	11023
Height_GIANT_2010	domino_1	58499
Height_GIANT_2010	domino_1	3842
Height_GIANT_2010	domino_1	8351
Height_GIANT_2010	domino_1	7141
Height_GIANT_2010	domino_1	7429
Height_GIANT_2010	domino_1	3006
Height_GIANT_2010	domino_1	8364
Height_GIANT_2010	domino_1	387893
Height_GIANT_2010	domino_1	8091
Height_GIANT_2010	domino_1	25842
Height_GIANT_2010	domino_1	8365
Height_GIANT_2010	domino_1	55252
Height_GIANT_2010	domino_1	341567
Height_GIANT_2010	domino_1	3010
Height_GIANT_2010	domino_1	55167
Height_GIANT_2010	domino_1	84148
Height_GIANT_2010	domino_1	51230
Height_GIANT_2010	domino_1	8607
Height_GIANT_2010	domino_1	3054
Height_GIANT_2010	domino_2	146206
Height_GIANT_2010	domino_2	4795
Height_GIANT_2010	domino_2	84300
Height_GIANT_2010	domino_2	116228
Height_GIANT_2010	domino_2	169714
Height_GIANT_2010	domino_2	2671
Height_GIANT_2010	domino_2	3643
Height_GIANT_2010	domino_2	723961
Height_GIANT_2010	domino_2	23788
Height_GIANT_2010	domino_2	55967
Height_GIANT_2010	domino_2	1431
Height_GIANT_2010	domino_2	100287932
Height_GIANT_2010	domino_2	55245
Height_GIANT_2010	domino_2	617
Height_GIANT_2010	domino_2	140823
Height_GIANT_2010	domino_2	51079
Height_GIANT_2010	domino_2	293
Height_GIANT_2010	domino_2	9760
Height_GIANT_2010	domino_2	534
Height_GIANT_2010	domino_2	245973
Height_GIANT_2010	domino_2	6390
Height_GIANT_2010	domino_2	29796
Height_GIANT_2010	domino_2	400916
Height_GIANT_2010	domino_2	9114
Height_GIANT_2010	domino_2	10440
Height_GIANT_2010	domino_2	516
Height_GIANT_2010	domino_3	3549
Height_GIANT_2010	domino_3	143471
Height_GIANT_2010	domino_3	5412
Height_GIANT_2010	domino_3	4738
Height_GIANT_2010	domino_3	27148
Height_GIANT_2010	domino_3	374654
Height_GIANT_2010	domino_3	51460
Height_GIANT_2010	domino_3	5698
Height_GIANT_2010	domino_3	51684
Height_GIANT_2010	domino_3	4049
Height_GIANT_2010	domino_3	23198
Height_GIANT_2010	domino_3	55733
Height_GIANT_2010	domino_3	64399
Height_GIANT_2010	domino_3	8643
Height_GIANT_2010	domino_3	65991
Height_GIANT_2010	domino_3	5727
Height_GIANT_2010	domino_3	91653
Height_GIANT_2010	domino_3	5702
Height_GIANT_2010	domino_3	10197
Height_GIANT_2010	domino_3	6469
Height_GIANT_2010	domino_5	126295
Height_GIANT_2010	domino_5	54535
Height_GIANT_2010	domino_5	57623
Height_GIANT_2010	domino_5	64151
Height_GIANT_2010	domino_5	80352
Height_GIANT_2010	domino_5	6941
Height_GIANT_2010	domino_5	10274
Height_GIANT_2010	domino_5	642636
Height_GIANT_2010	domino_5	387103
Height_GIANT_2010	domino_5	378708
Height_GIANT_2010	domino_5	23047
Height_GIANT_2010	domino_5	221150
Height_GIANT_2010	domino_5	79172
Height_GIANT_2010	domino_5	83461
Height_GIANT_2010	domino_4	259197
Height_GIANT_2010	domino_4	100507436
Height_GIANT_2010	domino_4	55080
Height_GIANT_2010	domino_4	3106
Height_GIANT_2010	domino_4	3123
Height_GIANT_2010	domino_4	388646
Height_GIANT_2010	domino_4	3107
Height_GIANT_2010	domino_4	117854
Height_GIANT_2010	domino_4	6773
Height_GIANT_2010	domino_4	91543
Height_GIANT_2010	domino_4	3140
Height_GIANT_2010	domino_4	56244
Height_GIANT_2010	domino_4	80329
Height_GIANT_2010	domino_4	4277
Height_GIANT_2010	domino_4	3821
Height_GIANT_2010	domino_9	8555
Height_GIANT_2010	domino_9	896
Height_GIANT_2010	domino_9	91768
Height_GIANT_2010	domino_9	7465
Height_GIANT_2010	domino_9	8900
Height_GIANT_2010	domino_9	57695
Height_GIANT_2010	domino_9	4856
Height_GIANT_2010	domino_9	1026
Height_GIANT_2010	domino_9	1869
Height_GIANT_2010	domino_9	1021
Height_GIANT_2010	domino_6	6499
Height_GIANT_2010	domino_6	10575
Height_GIANT_2010	domino_6	55780
Height_GIANT_2010	domino_6	10564
Height_GIANT_2010	domino_6	55346
Height_GIANT_2010	domino_6	57003
Height_GIANT_2010	domino_6	343990
Height_GIANT_2010	domino_6	169166
Height_GIANT_2010	domino_6	8859
Height_GIANT_2010	domino_6	55212
Height_GIANT_2010	domino_6	5495
Height_GIANT_2010	domino_6	7203
Height_GIANT_2010	domino_6	347733
Height_GIANT_2010	domino_11	4016
Height_GIANT_2010	domino_11	84695
Height_GIANT_2010	domino_11	8974
Height_GIANT_2010	domino_11	340267
Height_GIANT_2010	domino_11	2202
Height_GIANT_2010	domino_11	30008
Height_GIANT_2010	domino_11	4237
Height_GIANT_2010	domino_11	1301
Height_GIANT_2010	domino_11	7092
Height_GIANT_2010	domino_7	64207
Height_GIANT_2010	domino_7	9686
Height_GIANT_2010	domino_7	7157
Height_GIANT_2010	domino_7	1877
Height_GIANT_2010	domino_7	7003
Height_GIANT_2010	domino_7	389136
Height_GIANT_2010	domino_7	55332
Height_GIANT_2010	domino_7	359948
Height_GIANT_2010	domino_7	245806
Height_GIANT_2010	domino_7	7005
Height_GIANT_2010	domino_7	26145
Height_GIANT_2010	domino_7	10413
Height_GIANT_2010	domino_7	7159
Height_GIANT_2010	domino_10	5627
Height_GIANT_2010	domino_10	10544
Height_GIANT_2010	domino_10	5069
Height_GIANT_2010	domino_10	29124
Height_GIANT_2010	domino_10	7042
Height_GIANT_2010	domino_10	114990
Height_GIANT_2010	domino_10	54829
Height_GIANT_2010	domino_10	7043
Height_GIANT_2010	domino_10	3481
Height_GIANT_2010	domino_8	254251
Height_GIANT_2010	domino_8	54876
Height_GIANT_2010	domino_8	91612
Height_GIANT_2010	domino_8	5324
Height_GIANT_2010	domino_8	10238
Height_GIANT_2010	domino_8	90379
Height_GIANT_2010	domino_8	8798
Height_GIANT_2010	domino_8	27146
Height_GIANT_2010	domino_8	8444
Height_GIANT_2010	domino_8	26133
Height_GIANT_2010	domino_13	3699
Height_GIANT_2010	domino_13	55664
Height_GIANT_2010	domino_13	3700
Height_GIANT_2010	domino_13	30816
Height_GIANT_2010	domino_12	9855
Height_GIANT_2010	domino_12	10371
Height_GIANT_2010	domino_12	8851
Height_GIANT_2010	domino_12	51654
Height_GIANT_2010	domino_12	91584
Height_GIANT_2014	domino_1	56946
Height_GIANT_2014	domino_1	64853
Height_GIANT_2014	domino_1	29855
Height_GIANT_2014	domino_1	653604
Height_GIANT_2014	domino_1	55723
Height_GIANT_2014	domino_1	3148
Height_GIANT_2014	domino_1	8971
Height_GIANT_2014	domino_1	3024
Height_GIANT_2014	domino_1	723790
Height_GIANT_2014	domino_1	8351
Height_GIANT_2014	domino_1	1786
Height_GIANT_2014	domino_1	23028
Height_GIANT_2014	domino_1	8125
Height_GIANT_2014	domino_1	6944
Height_GIANT_2014	domino_1	124491
Height_GIANT_2014	domino_1	10428
Height_GIANT_2014	domino_1	4601
Height_GIANT_2014	domino_1	4149
Height_GIANT_2014	domino_1	121504
Height_GIANT_2014	domino_1	7429
Height_GIANT_2014	domino_1	7141
Height_GIANT_2014	domino_1	256646
Height_GIANT_2014	domino_1	8019
Height_GIANT_2014	domino_1	11023
Height_GIANT_2014	domino_1	58499
Height_GIANT_2014	domino_1	8365
Height_GIANT_2014	domino_1	317772
Height_GIANT_2014	domino_1	3006
Height_GIANT_2014	domino_1	25842
Height_GIANT_2014	domino_1	3159
Height_GIANT_2014	domino_1	221491
Height_GIANT_2014	domino_1	3842
Height_GIANT_2014	domino_1	3010
Height_GIANT_2014	domino_1	341567
Height_GIANT_2014	domino_1	8464
Height_GIANT_2014	domino_1	102157402
Height_GIANT_2014	domino_1	10541
Height_GIANT_2014	domino_1	8091
Height_GIANT_2014	domino_1	51230
Height_GIANT_2014	domino_1	124944
Height_GIANT_2014	domino_1	3008
Height_GIANT_2014	domino_1	8364
Height_GIANT_2014	domino_1	55167
Height_GIANT_2014	domino_1	339287
Height_GIANT_2014	domino_1	9874
Height_GIANT_2014	domino_1	1677
Height_GIANT_2014	domino_1	55689
Height_GIANT_2014	domino_1	112869
Height_GIANT_2014	domino_1	10951
Height_GIANT_2014	domino_1	25988
Height_GIANT_2014	domino_1	8370
Height_GIANT_2014	domino_1	387893
Height_GIANT_2014	domino_1	84787
Height_GIANT_2014	domino_1	8930
Height_GIANT_2014	domino_1	3077
Height_GIANT_2014	domino_1	4863
Height_GIANT_2014	domino_1	8356
Height_GIANT_2014	domino_1	8347
Height_GIANT_2014	domino_1	132243
Height_GIANT_2014	domino_1	10847
Height_GIANT_2014	domino_1	23476
Height_GIANT_2014	domino_1	55252
Height_GIANT_2014	domino_1	93624
Height_GIANT_2014	domino_1	221613
Height_GIANT_2014	domino_1	11143
Height_GIANT_2014	domino_1	23338
Height_GIANT_2014	domino_1	2648
Height_GIANT_2014	domino_1	64769
Height_GIANT_2014	domino_4	25836
Height_GIANT_2014	domino_4	642636
Height_GIANT_2014	domino_4	6491
Height_GIANT_2014	domino_4	259266
Height_GIANT_2014	domino_4	157313
Height_GIANT_2014	domino_4	114799
Height_GIANT_2014	domino_4	113130
Height_GIANT_2014	domino_4	57623
Height_GIANT_2014	domino_4	64151
Height_GIANT_2014	domino_4	7153
Height_GIANT_2014	domino_4	387103
Height_GIANT_2014	domino_4	126295
Height_GIANT_2014	domino_4	54535
Height_GIANT_2014	domino_4	55771
Height_GIANT_2014	domino_4	890
Height_GIANT_2014	domino_4	113115
Height_GIANT_2014	domino_4	7272
Height_GIANT_2014	domino_4	6941
Height_GIANT_2014	domino_4	23047
Height_GIANT_2014	domino_4	378708
Height_GIANT_2014	domino_4	65056
Height_GIANT_2014	domino_4	51203
Height_GIANT_2014	domino_4	389677
Height_GIANT_2014	domino_4	9212
Height_GIANT_2014	domino_4	6249
Height_GIANT_2014	domino_4	80352
Height_GIANT_2014	domino_4	23383
Height_GIANT_2014	domino_4	9735
Height_GIANT_2014	domino_4	57405
Height_GIANT_2014	domino_4	220134
Height_GIANT_2014	domino_4	7813
Height_GIANT_2014	domino_4	11339
Height_GIANT_2014	domino_4	83540
Height_GIANT_2014	domino_4	10460
Height_GIANT_2014	domino_4	80152
Height_GIANT_2014	domino_4	79172
Height_GIANT_2014	domino_4	10274
Height_GIANT_2014	domino_4	9184
Height_GIANT_2014	domino_3	64399
Height_GIANT_2014	domino_3	8643
Height_GIANT_2014	domino_3	51684
Height_GIANT_2014	domino_3	374654
Height_GIANT_2014	domino_3	5682
Height_GIANT_2014	domino_3	399473
Height_GIANT_2014	domino_3	91653
Height_GIANT_2014	domino_3	5727
Height_GIANT_2014	domino_3	8313
Height_GIANT_2014	domino_3	143471
Height_GIANT_2014	domino_3	3549
Height_GIANT_2014	domino_3	51667
Height_GIANT_2014	domino_3	5710
Height_GIANT_2014	domino_3	2619
Height_GIANT_2014	domino_3	51162
Height_GIANT_2014	domino_3	4855
Height_GIANT_2014	domino_3	4738
Height_GIANT_2014	domino_3	4763
Height_GIANT_2014	domino_3	55733
Height_GIANT_2014	domino_3	5699
Height_GIANT_2014	domino_3	200734
Height_GIANT_2014	domino_3	65991
Height_GIANT_2014	domino_3	59269
Height_GIANT_2014	domino_3	122706
Height_GIANT_2014	domino_3	8650
Height_GIANT_2014	domino_3	2736
Height_GIANT_2014	domino_3	8742
Height_GIANT_2014	domino_3	64326
Height_GIANT_2014	domino_3	2931
Height_GIANT_2014	domino_3	324
Height_GIANT_2014	domino_3	4049
Height_GIANT_2014	domino_3	5412
Height_GIANT_2014	domino_3	27148
Height_GIANT_2014	domino_3	5696
Height_GIANT_2014	domino_3	51460
Height_GIANT_2014	domino_3	5702
Height_GIANT_2014	domino_3	5705
Height_GIANT_2014	domino_3	9861
Height_GIANT_2014	domino_3	5719
Height_GIANT_2014	domino_3	339745
Height_GIANT_2014	domino_2	10039
Height_GIANT_2014	domino_2	84875
Height_GIANT_2014	domino_2	81603
Height_GIANT_2014	domino_2	163351
Height_GIANT_2014	domino_2	3107
Height_GIANT_2014	domino_2	353514
Height_GIANT_2014	domino_2	3659
Height_GIANT_2014	domino_2	79668
Height_GIANT_2014	domino_2	55080
Height_GIANT_2014	domino_2	3106
Height_GIANT_2014	domino_2	117854
Height_GIANT_2014	domino_2	115362
Height_GIANT_2014	domino_2	4277
Height_GIANT_2014	domino_2	100507436
Height_GIANT_2014	domino_2	3118
Height_GIANT_2014	domino_2	3119
Height_GIANT_2014	domino_2	259197
Height_GIANT_2014	domino_2	8722
Height_GIANT_2014	domino_2	3123
Height_GIANT_2014	domino_2	10475
Height_GIANT_2014	domino_2	56244
Height_GIANT_2014	domino_2	10665
Height_GIANT_2014	domino_2	3134
Height_GIANT_2014	domino_2	3117
Height_GIANT_2014	domino_2	3120
Height_GIANT_2014	domino_2	3140
Height_GIANT_2014	domino_2	6773
Height_GIANT_2014	domino_2	25939
Height_GIANT_2014	domino_2	3122
Height_GIANT_2014	domino_2	80128
Height_GIANT_2014	domino_2	84106
Height_GIANT_2014	domino_2	5371
Height_GIANT_2014	domino_2	56965
Height_GIANT_2014	domino_2	55016
Height_GIANT_2014	domino_2	7726
Height_GIANT_2014	domino_2	8638
Height_GIANT_2014	domino_2	11074
Height_GIANT_2014	domino_2	1519
Height_GIANT_2014	domino_2	26191
Height_GIANT_2014	domino_2	1510
Height_GIANT_2014	domino_2	1474
Height_GIANT_2014	domino_2	5641
Height_GIANT_2014	domino_2	54956
Height_GIANT_2014	domino_2	3821
Height_GIANT_2014	domino_2	3665
Height_GIANT_2014	domino_2	83666
Height_GIANT_2014	domino_5	10516
Height_GIANT_2014	domino_5	84695
Height_GIANT_2014	domino_5	1306
Height_GIANT_2014	domino_5	340267
Height_GIANT_2014	domino_5	1298
Height_GIANT_2014	domino_5	1292
Height_GIANT_2014	domino_5	1293
Height_GIANT_2014	domino_5	8974
Height_GIANT_2014	domino_5	11061
Height_GIANT_2014	domino_5	4016
Height_GIANT_2014	domino_5	84171
Height_GIANT_2014	domino_5	1301
Height_GIANT_2014	domino_5	169044
Height_GIANT_2014	domino_5	2201
Height_GIANT_2014	domino_5	84467
Height_GIANT_2014	domino_5	1291
Height_GIANT_2014	domino_5	1295
Height_GIANT_2014	domino_5	7373
Height_GIANT_2014	domino_5	129080
Height_GIANT_2014	domino_5	871
Height_GIANT_2014	domino_5	2202
Height_GIANT_2014	domino_5	8076
Height_GIANT_2014	domino_5	4017
Height_GIANT_2014	domino_5	4237
Height_GIANT_2014	domino_5	1303
Height_GIANT_2014	domino_5	64175
Height_GIANT_2014	domino_5	1300
Height_GIANT_2014	domino_5	3688
Height_GIANT_2014	domino_6	26137
Height_GIANT_2014	domino_6	22882
Height_GIANT_2014	domino_6	2077
Height_GIANT_2014	domino_6	5595
Height_GIANT_2014	domino_6	11030
Height_GIANT_2014	domino_6	348093
Height_GIANT_2014	domino_6	4140
Height_GIANT_2014	domino_6	283455
Height_GIANT_2014	domino_6	8631
Height_GIANT_2014	domino_6	399665
Height_GIANT_2014	domino_6	5900
Height_GIANT_2014	domino_6	22808
Height_GIANT_2014	domino_6	7529
Height_GIANT_2014	domino_6	4342
Height_GIANT_2014	domino_6	5605
Height_GIANT_2014	domino_6	22800
Height_GIANT_2014	domino_6	83593
Height_GIANT_2014	domino_6	8826
Height_GIANT_2014	domino_6	10018
Height_GIANT_2014	domino_6	8546
Height_GIANT_2014	domino_6	5894
Height_GIANT_2014	domino_6	54715
Height_GIANT_2014	domino_6	10256
Height_GIANT_2014	domino_6	54845
Height_GIANT_2014	domino_6	3845
Height_GIANT_2014	domino_7	26054
Height_GIANT_2014	domino_7	387082
Height_GIANT_2014	domino_7	154215
Height_GIANT_2014	domino_7	22903
Height_GIANT_2014	domino_7	7341
Height_GIANT_2014	domino_7	59343
Height_GIANT_2014	domino_7	115426
Height_GIANT_2014	domino_7	7690
Height_GIANT_2014	domino_7	23172
Height_GIANT_2014	domino_7	387718
Height_GIANT_2014	domino_7	57683
Height_GIANT_2014	domino_7	51720
Height_GIANT_2014	domino_7	79184
Height_GIANT_2014	domino_7	9577
Height_GIANT_2014	domino_7	26036
Height_GIANT_2014	domino_7	55206
Height_GIANT_2014	domino_7	55183
Height_GIANT_2014	domino_7	6996
Height_GIANT_2014	domino_7	57337
Height_GIANT_2014	domino_7	123228
Height_GIANT_2014	domino_7	5987
Height_GIANT_2014	domino_7	6670
Height_GIANT_2014	domino_8	148170
Height_GIANT_2014	domino_8	10602
Height_GIANT_2014	domino_8	8763
Height_GIANT_2014	domino_8	989
Height_GIANT_2014	domino_8	10435
Height__female__GIANT_2013	domino_1	8091
Height__female__GIANT_2013	domino_1	29855
Height__female__GIANT_2013	domino_1	317772
Height__female__GIANT_2013	domino_1	333932
Height__female__GIANT_2013	domino_1	7141
Height__female__GIANT_2013	domino_1	7429
Height__female__GIANT_2013	domino_1	8971
Height__female__GIANT_2013	domino_1	3010
Height__female__GIANT_2013	domino_1	8365
Height__female__GIANT_2013	domino_1	51230
Height__female__GIANT_2013	domino_1	10856
Height__female__GIANT_2013	domino_1	55167
Height__female__GIANT_2013	domino_1	84148
Height__female__GIANT_2013	domino_1	55506
Height__female__GIANT_2013	domino_3	55245
Height__female__GIANT_2013	domino_3	116228
Height__female__GIANT_2013	domino_3	140823
Height__female__GIANT_2013	domino_3	126328
Height__female__GIANT_2013	domino_3	84300
Height__female__GIANT_2013	domino_3	2671
Height__female__GIANT_2013	domino_3	169714
Height__female__GIANT_2013	domino_3	10975
Height__female__GIANT_2013	domino_3	6390
Height__female__GIANT_2013	domino_3	1431
Height__female__GIANT_2013	domino_3	388753
Height__female__GIANT_2013	domino_3	150274
Height__female__GIANT_2013	domino_6	57623
Height__female__GIANT_2013	domino_6	64151
Height__female__GIANT_2013	domino_6	387103
Height__female__GIANT_2013	domino_6	221150
Height__female__GIANT_2013	domino_6	23047
Height__female__GIANT_2013	domino_6	151648
Height__female__GIANT_2013	domino_6	79172
Height__female__GIANT_2013	domino_6	147841
Height__female__GIANT_2013	domino_11	91768
Height__female__GIANT_2013	domino_11	8900
Height__female__GIANT_2013	domino_11	57695
Height__female__GIANT_2013	domino_11	1021
Height__female__GIANT_2013	domino_11	1869
Height__female__GIANT_2013	domino_2	1396
Height__female__GIANT_2013	domino_2	4004
Height__female__GIANT_2013	domino_2	93166
Height__female__GIANT_2013	domino_2	9139
Height__female__GIANT_2013	domino_2	6909
Height__female__GIANT_2013	domino_2	1482
Height__female__GIANT_2013	domino_2	8200
Height__female__GIANT_2013	domino_2	659
Height__female__GIANT_2013	domino_2	6886
Height__female__GIANT_2013	domino_2	8646
Height__female__GIANT_2013	domino_2	4602
Height__female__GIANT_2013	domino_2	6497
Height__female__GIANT_2013	domino_2	4089
Height__female__GIANT_2013	domino_8	27148
Height__female__GIANT_2013	domino_8	51684
Height__female__GIANT_2013	domino_8	6469
Height__female__GIANT_2013	domino_8	64399
Height__female__GIANT_2013	domino_8	5698
Height__female__GIANT_2013	domino_8	51460
Height__female__GIANT_2013	domino_8	5702
Height__female__GIANT_2013	domino_5	3107
Height__female__GIANT_2013	domino_5	388646
Height__female__GIANT_2013	domino_5	55080
Height__female__GIANT_2013	domino_5	3106
Height__female__GIANT_2013	domino_5	3140
Height__female__GIANT_2013	domino_5	6773
Height__female__GIANT_2013	domino_5	51447
Height__female__GIANT_2013	domino_5	100507436
Height__female__GIANT_2013	domino_5	3821
Height__female__GIANT_2013	domino_4	9924
Height__female__GIANT_2013	domino_4	246175
Height__female__GIANT_2013	domino_4	80313
Height__female__GIANT_2013	domino_4	9125
Height__female__GIANT_2013	domino_4	64599
Height__female__GIANT_2013	domino_4	9470
Height__female__GIANT_2013	domino_4	2872
Height__female__GIANT_2013	domino_4	161779
Height__female__GIANT_2013	domino_4	23318
Height__female__GIANT_2013	domino_4	389421
Height__female__GIANT_2013	domino_4	10605
Height__female__GIANT_2013	domino_13	5795
Height__female__GIANT_2013	domino_13	401258
Height__female__GIANT_2013	domino_13	8904
Height__female__GIANT_2013	domino_13	1535
Height__female__GIANT_2013	domino_9	4237
Height__female__GIANT_2013	domino_9	10516
Height__female__GIANT_2013	domino_9	2202
Height__female__GIANT_2013	domino_9	1278
Height__female__GIANT_2013	domino_9	8974
Height__female__GIANT_2013	domino_9	4015
Height__female__GIANT_2013	domino_10	5324
Height__female__GIANT_2013	domino_10	254251
Height__female__GIANT_2013	domino_10	91612
Height__female__GIANT_2013	domino_10	27146
Height__female__GIANT_2013	domino_10	54876
Height__female__GIANT_2013	domino_10	26133
Height__female__GIANT_2013	domino_7	114990
Height__female__GIANT_2013	domino_7	7042
Height__female__GIANT_2013	domino_7	29124
Height__female__GIANT_2013	domino_7	5069
Height__female__GIANT_2013	domino_7	5627
Height__female__GIANT_2013	domino_7	10544
Height__female__GIANT_2013	domino_7	3479
Height__female__GIANT_2013	domino_12	30816
Height__female__GIANT_2013	domino_12	3700
Height__female__GIANT_2013	domino_12	55664
Height__female__GIANT_2013	domino_12	3699
Height__male__GIANT_2013	domino_1	890
Height__male__GIANT_2013	domino_1	387103
Height__male__GIANT_2013	domino_1	57623
Height__male__GIANT_2013	domino_1	64151
Height__male__GIANT_2013	domino_1	80352
Height__male__GIANT_2013	domino_1	6941
Height__male__GIANT_2013	domino_1	126295
Height__male__GIANT_2013	domino_1	54535
Height__male__GIANT_2013	domino_1	259266
Height__male__GIANT_2013	domino_2	253461
Height__male__GIANT_2013	domino_2	1487
Height__male__GIANT_2013	domino_2	23054
Height__male__GIANT_2013	domino_2	474382
Height__male__GIANT_2013	domino_2	8099
Height__male__GIANT_2013	domino_2	53615
Height__male__GIANT_2013	domino_2	3017
Height__male__GIANT_2013	domino_2	10919
Height__male__GIANT_2013	domino_2	83439
Height__male__GIANT_2013	domino_3	1301
Height__male__GIANT_2013	domino_3	340267
Height__male__GIANT_2013	domino_3	8974
Height__male__GIANT_2013	domino_3	4016
Height__male__GIANT_2013	domino_3	84171
Height__male__GIANT_2013	domino_3	2202
Height__male__GIANT_2013	domino_3	8076
Height__male__GIANT_2013	domino_3	4237
Height__male__GIANT_2013	domino_3	7093
Height__male__GIANT_2013	domino_6	91768
Height__male__GIANT_2013	domino_6	8900
Height__male__GIANT_2013	domino_6	8555
Height__male__GIANT_2013	domino_6	896
Height__male__GIANT_2013	domino_6	1021
Height__male__GIANT_2013	domino_6	144455
Height__male__GIANT_2013	domino_6	1869
Height__male__GIANT_2013	domino_4	169714
Height__male__GIANT_2013	domino_4	2671
Height__male__GIANT_2013	domino_4	140823
Height__male__GIANT_2013	domino_4	51079
Height__male__GIANT_2013	domino_4	7388
Height__male__GIANT_2013	domino_4	55245
Height__male__GIANT_2013	domino_4	6390
Height__male__GIANT_2013	domino_4	54205
Height__male__GIANT_2013	domino_5	8091
Height__male__GIANT_2013	domino_5	3008
Height__male__GIANT_2013	domino_5	3010
Height__male__GIANT_2013	domino_5	8971
Height__male__GIANT_2013	domino_5	8365
Height__male__GIANT_2013	domino_5	51230
Height__male__GIANT_2013	domino_5	10856
Height__male__GIANT_2013	domino_5	55506
Height__male__GIANT_2013	domino_7	3106
Height__male__GIANT_2013	domino_7	388646
Height__male__GIANT_2013	domino_7	3107
Height__male__GIANT_2013	domino_7	55080
Height__male__GIANT_2013	domino_7	3140
Height__male__GIANT_2013	domino_7	3821
Height__male__GIANT_2013	domino_7	100507436
Height__male__GIANT_2013	domino_9	10544
Height__male__GIANT_2013	domino_9	5627
Height__male__GIANT_2013	domino_9	114990
Height__male__GIANT_2013	domino_9	7042
Height__male__GIANT_2013	domino_8	254251
Height__male__GIANT_2013	domino_8	27146
Height__male__GIANT_2013	domino_8	8798
Height__male__GIANT_2013	domino_8	10238
Height__male__GIANT_2013	domino_8	8444
Height__male__GIANT_2013	domino_8	5324
Height__male__GIANT_2013	domino_8	54876
Immunoglobulin_A_deficiency_NA_2016	domino_1	8302
Immunoglobulin_A_deficiency_NA_2016	domino_1	3133
Immunoglobulin_A_deficiency_NA_2016	domino_1	51348
Immunoglobulin_A_deficiency_NA_2016	domino_1	259197
Immunoglobulin_A_deficiency_NA_2016	domino_1	11024
Immunoglobulin_A_deficiency_NA_2016	domino_1	3135
Immunoglobulin_A_deficiency_NA_2016	domino_1	3118
Immunoglobulin_A_deficiency_NA_2016	domino_1	388646
Immunoglobulin_A_deficiency_NA_2016	domino_1	10475
Immunoglobulin_A_deficiency_NA_2016	domino_1	26191
Immunoglobulin_A_deficiency_NA_2016	domino_1	3127
Immunoglobulin_A_deficiency_NA_2016	domino_1	3811
Immunoglobulin_A_deficiency_NA_2016	domino_1	100507436
Immunoglobulin_A_deficiency_NA_2016	domino_1	3120
Immunoglobulin_A_deficiency_NA_2016	domino_1	1513
Immunoglobulin_A_deficiency_NA_2016	domino_1	4277
Immunoglobulin_A_deficiency_NA_2016	domino_1	80329
Immunoglobulin_A_deficiency_NA_2016	domino_1	1519
Immunoglobulin_A_deficiency_NA_2016	domino_1	5133
Immunoglobulin_A_deficiency_NA_2016	domino_1	3123
Immunoglobulin_A_deficiency_NA_2016	domino_1	29126
Immunoglobulin_A_deficiency_NA_2016	domino_1	3802
Immunoglobulin_A_deficiency_NA_2016	domino_1	11126
Immunoglobulin_A_deficiency_NA_2016	domino_1	115653
Immunoglobulin_A_deficiency_NA_2016	domino_1	3140
Immunoglobulin_A_deficiency_NA_2016	domino_1	3107
Immunoglobulin_A_deficiency_NA_2016	domino_1	80380
Immunoglobulin_A_deficiency_NA_2016	domino_1	10859
Immunoglobulin_A_deficiency_NA_2016	domino_1	5641
Immunoglobulin_A_deficiency_NA_2016	domino_1	1514
Immunoglobulin_A_deficiency_NA_2016	domino_1	3119
Immunoglobulin_A_deficiency_NA_2016	domino_1	3106
Immunoglobulin_A_deficiency_NA_2016	domino_1	3134
Immunoglobulin_A_deficiency_NA_2016	domino_1	22914
Immunoglobulin_A_deficiency_NA_2016	domino_1	23547
Immunoglobulin_A_deficiency_NA_2016	domino_1	3804
Immunoglobulin_A_deficiency_NA_2016	domino_1	55080
Immunoglobulin_A_deficiency_NA_2016	domino_1	3105
Immunoglobulin_A_deficiency_NA_2016	domino_1	1515
Immunoglobulin_A_deficiency_NA_2016	domino_1	811
Immunoglobulin_A_deficiency_NA_2016	domino_1	6892
Immunoglobulin_A_deficiency_NA_2016	domino_1	79168
Immunoglobulin_A_deficiency_NA_2016	domino_1	3812
Immunoglobulin_A_deficiency_NA_2016	domino_1	353514
Immunoglobulin_A_deficiency_NA_2016	domino_1	11027
Immunoglobulin_A_deficiency_NA_2016	domino_1	11006
Immunoglobulin_A_deficiency_NA_2016	domino_1	3805
Immunoglobulin_A_deficiency_NA_2016	domino_1	6769
Immunoglobulin_A_deficiency_NA_2016	domino_1	56244
Immunoglobulin_A_deficiency_NA_2016	domino_1	10665
Immunoglobulin_A_deficiency_NA_2016	domino_1	11074
Immunoglobulin_A_deficiency_NA_2016	domino_1	163351
Immunoglobulin_A_deficiency_NA_2016	domino_1	1510
Immunoglobulin_A_deficiency_NA_2016	domino_1	3394
Immunoglobulin_A_deficiency_NA_2016	domino_1	3113
Immunoglobulin_A_deficiency_NA_2016	domino_1	7726
Immunoglobulin_A_deficiency_NA_2016	domino_1	55016
Immunoglobulin_A_deficiency_NA_2016	domino_1	374383
Immunoglobulin_A_deficiency_NA_2016	domino_1	972
Immunoglobulin_A_deficiency_NA_2016	domino_1	114836
Immunoglobulin_A_deficiency_NA_2016	domino_1	9436
Immunoglobulin_A_deficiency_NA_2016	domino_1	3122
Immunoglobulin_A_deficiency_NA_2016	domino_1	2923
Immunoglobulin_A_deficiency_NA_2016	domino_1	23111
Immunoglobulin_A_deficiency_NA_2016	domino_1	3902
Immunoglobulin_A_deficiency_NA_2016	domino_1	3117
Immunoglobulin_A_deficiency_NA_2016	domino_1	8722
Immunoglobulin_A_deficiency_NA_2016	domino_1	11025
Immunoglobulin_A_deficiency_NA_2016	domino_1	6890
Immunoglobulin_A_deficiency_NA_2016	domino_1	10990
Immunoglobulin_A_deficiency_NA_2016	domino_1	3821
Immunoglobulin_A_deficiency_NA_2016	domino_1	10666
Immunoglobulin_A_deficiency_NA_2016	domino_1	3823
Immunoglobulin_A_deficiency_NA_2016	domino_1	821
Immunoglobulin_A_deficiency_NA_2016	domino_1	3115
Immunoglobulin_A_deficiency_NA_2016	domino_1	1508
Immunoglobulin_A_deficiency_NA_2016	domino_2	3009
Immunoglobulin_A_deficiency_NA_2016	domino_2	723790
Immunoglobulin_A_deficiency_NA_2016	domino_2	3024
Immunoglobulin_A_deficiency_NA_2016	domino_2	8969
Immunoglobulin_A_deficiency_NA_2016	domino_2	3077
Immunoglobulin_A_deficiency_NA_2016	domino_2	3010
Immunoglobulin_A_deficiency_NA_2016	domino_2	341567
Immunoglobulin_A_deficiency_NA_2016	domino_2	8364
Immunoglobulin_A_deficiency_NA_2016	domino_2	1616
Immunoglobulin_A_deficiency_NA_2016	domino_2	653604
Immunoglobulin_A_deficiency_NA_2016	domino_2	8347
Immunoglobulin_A_deficiency_NA_2016	domino_2	3006
Immunoglobulin_A_deficiency_NA_2016	domino_2	8356
Immunoglobulin_A_deficiency_NA_2016	domino_2	8363
Immunoglobulin_A_deficiency_NA_2016	domino_2	3008
Immunoglobulin_A_deficiency_NA_2016	domino_2	25842
Immunoglobulin_A_deficiency_NA_2016	domino_2	8329
Immunoglobulin_A_deficiency_NA_2016	domino_3	8334
Immunoglobulin_A_deficiency_NA_2016	domino_3	644186
Immunoglobulin_A_deficiency_NA_2016	domino_3	8341
Immunoglobulin_A_deficiency_NA_2016	domino_3	10919
Immunoglobulin_A_deficiency_NA_2016	domino_3	474382
Immunoglobulin_A_deficiency_NA_2016	domino_3	5252
Immunoglobulin_A_deficiency_NA_2016	domino_3	121536
Immunoglobulin_A_deficiency_NA_2016	domino_3	8340
Immunoglobulin_A_deficiency_NA_2016	domino_3	6015
Immunoglobulin_A_deficiency_NA_2016	domino_3	94239
Immunoglobulin_A_deficiency_NA_2016	domino_3	85236
Immunoglobulin_A_deficiency_NA_2016	domino_3	1959
Immunoglobulin_A_deficiency_NA_2016	domino_3	5089
Immunoglobulin_A_deficiency_NA_2016	domino_3	4211
Immunoglobulin_A_deficiency_NA_2016	domino_3	3017
Immunoglobulin_A_deficiency_NA_2016	domino_5	3109
Immunoglobulin_A_deficiency_NA_2016	domino_5	285643
Immunoglobulin_A_deficiency_NA_2016	domino_5	3833
Immunoglobulin_A_deficiency_NA_2016	domino_5	3112
Immunoglobulin_A_deficiency_NA_2016	domino_5	3111
Immunoglobulin_A_deficiency_NA_2016	domino_5	3108
Immunoglobulin_A_deficiency_NA_2016	domino_5	60561
Immunoglobulin_A_deficiency_NA_2016	domino_5	6293
Immunoglobulin_A_deficiency_NA_2016	domino_4	4049
Immunoglobulin_A_deficiency_NA_2016	domino_4	143471
Immunoglobulin_A_deficiency_NA_2016	domino_4	5698
Immunoglobulin_A_deficiency_NA_2016	domino_4	399473
Immunoglobulin_A_deficiency_NA_2016	domino_4	51162
Immunoglobulin_A_deficiency_NA_2016	domino_4	4855
Immunoglobulin_A_deficiency_NA_2016	domino_4	5696
Immunoglobulin_A_deficiency_NA_2016	domino_4	4050
Immunoglobulin_A_deficiency_NA_2016	domino_4	51460
Immunoglobulin_A_deficiency_NA_2016	domino_4	10213
Immunoglobulin_A_deficiency_NA_2016	domino_4	10537
Immunoglobulin_A_deficiency_NA_2016	domino_7	221527
Immunoglobulin_A_deficiency_NA_2016	domino_7	7920
Immunoglobulin_A_deficiency_NA_2016	domino_7	7940
Immunoglobulin_A_deficiency_NA_2016	domino_7	7918
Immunoglobulin_A_deficiency_NA_2016	domino_7	7916
Immunoglobulin_A_deficiency_NA_2016	domino_9	1041
Immunoglobulin_A_deficiency_NA_2016	domino_9	170679
Immunoglobulin_A_deficiency_NA_2016	domino_9	5493
Immunoglobulin_A_deficiency_NA_2016	domino_9	696
Immunoglobulin_A_deficiency_NA_2016	domino_8	169166
Immunoglobulin_A_deficiency_NA_2016	domino_8	8859
Immunoglobulin_A_deficiency_NA_2016	domino_8	6499
Immunoglobulin_A_deficiency_NA_2016	domino_8	22948
Immunoglobulin_A_deficiency_NA_2016	domino_8	10471
Immunoglobulin_A_deficiency_NA_2016	domino_6	7407
Immunoglobulin_A_deficiency_NA_2016	domino_6	123283
Immunoglobulin_A_deficiency_NA_2016	domino_6	80325
Immunoglobulin_A_deficiency_NA_2016	domino_6	80737
Immunoglobulin_A_deficiency_NA_2016	domino_6	9374
Immunoglobulin_A_deficiency_NA_2016	domino_6	54938
Immunoglobulin_A_deficiency_NA_2016	domino_6	57176
Inflammatory_Bowel_Disease_NA_2017	domino_1	2113
Inflammatory_Bowel_Disease_NA_2017	domino_1	50943
Inflammatory_Bowel_Disease_NA_2017	domino_1	51267
Inflammatory_Bowel_Disease_NA_2017	domino_1	3586
Inflammatory_Bowel_Disease_NA_2017	domino_1	80381
Inflammatory_Bowel_Disease_NA_2017	domino_1	1440
Inflammatory_Bowel_Disease_NA_2017	domino_1	149233
Inflammatory_Bowel_Disease_NA_2017	domino_1	6776
Inflammatory_Bowel_Disease_NA_2017	domino_1	246778
Inflammatory_Bowel_Disease_NA_2017	domino_1	3558
Inflammatory_Bowel_Disease_NA_2017	domino_1	8744
Inflammatory_Bowel_Disease_NA_2017	domino_1	7292
Inflammatory_Bowel_Disease_NA_2017	domino_1	6777
Inflammatory_Bowel_Disease_NA_2017	domino_1	163702
Inflammatory_Bowel_Disease_NA_2017	domino_1	29949
Inflammatory_Bowel_Disease_NA_2017	domino_1	7293
Inflammatory_Bowel_Disease_NA_2017	domino_1	639
Inflammatory_Bowel_Disease_NA_2017	domino_1	6774
Inflammatory_Bowel_Disease_NA_2017	domino_1	6356
Inflammatory_Bowel_Disease_NA_2017	domino_1	6778
Inflammatory_Bowel_Disease_NA_2017	domino_1	4345
Inflammatory_Bowel_Disease_NA_2017	domino_1	3565
Inflammatory_Bowel_Disease_NA_2017	domino_1	327657
Inflammatory_Bowel_Disease_NA_2017	domino_1	27086
Inflammatory_Bowel_Disease_NA_2017	domino_1	6403
Inflammatory_Bowel_Disease_NA_2017	domino_1	6347
Inflammatory_Bowel_Disease_NA_2017	domino_1	3593
Inflammatory_Bowel_Disease_NA_2017	domino_1	51561
Inflammatory_Bowel_Disease_NA_2017	domino_1	1437
Inflammatory_Bowel_Disease_NA_2017	domino_1	64109
Inflammatory_Bowel_Disease_NA_2017	domino_1	9111
Inflammatory_Bowel_Disease_NA_2017	domino_1	3559
Inflammatory_Bowel_Disease_NA_2017	domino_1	55876
Inflammatory_Bowel_Disease_NA_2017	domino_1	124626
Inflammatory_Bowel_Disease_NA_2017	domino_1	80149
Inflammatory_Bowel_Disease_NA_2017	domino_1	11122
Inflammatory_Bowel_Disease_NA_2017	domino_1	8784
Inflammatory_Bowel_Disease_NA_2017	domino_1	131450
Inflammatory_Bowel_Disease_NA_2017	domino_1	54014
Inflammatory_Bowel_Disease_NA_2017	domino_1	944
Inflammatory_Bowel_Disease_NA_2017	domino_1	969
Inflammatory_Bowel_Disease_NA_2017	domino_1	3595
Inflammatory_Bowel_Disease_NA_2017	domino_1	84666
Inflammatory_Bowel_Disease_NA_2017	domino_1	3458
Inflammatory_Bowel_Disease_NA_2017	domino_1	5771
Inflammatory_Bowel_Disease_NA_2017	domino_1	3717
Inflammatory_Bowel_Disease_NA_2017	domino_1	56169
Inflammatory_Bowel_Disease_NA_2017	domino_1	970
Inflammatory_Bowel_Disease_NA_2017	domino_1	4360
Inflammatory_Bowel_Disease_NA_2017	domino_1	9077
Inflammatory_Bowel_Disease_NA_2017	domino_1	22806
Inflammatory_Bowel_Disease_NA_2017	domino_1	10148
Inflammatory_Bowel_Disease_NA_2017	domino_1	53342
Inflammatory_Bowel_Disease_NA_2017	domino_1	9180
Inflammatory_Bowel_Disease_NA_2017	domino_1	3718
Inflammatory_Bowel_Disease_NA_2017	domino_1	23765
Inflammatory_Bowel_Disease_NA_2017	domino_1	10758
Inflammatory_Bowel_Disease_NA_2017	domino_2	4277
Inflammatory_Bowel_Disease_NA_2017	domino_2	100507436
Inflammatory_Bowel_Disease_NA_2017	domino_2	972
Inflammatory_Bowel_Disease_NA_2017	domino_2	3127
Inflammatory_Bowel_Disease_NA_2017	domino_2	259197
Inflammatory_Bowel_Disease_NA_2017	domino_2	79364
Inflammatory_Bowel_Disease_NA_2017	domino_2	4261
Inflammatory_Bowel_Disease_NA_2017	domino_2	5275
Inflammatory_Bowel_Disease_NA_2017	domino_2	1513
Inflammatory_Bowel_Disease_NA_2017	domino_2	3117
Inflammatory_Bowel_Disease_NA_2017	domino_2	388646
Inflammatory_Bowel_Disease_NA_2017	domino_2	3664
Inflammatory_Bowel_Disease_NA_2017	domino_2	80380
Inflammatory_Bowel_Disease_NA_2017	domino_2	29126
Inflammatory_Bowel_Disease_NA_2017	domino_2	10665
Inflammatory_Bowel_Disease_NA_2017	domino_2	56244
Inflammatory_Bowel_Disease_NA_2017	domino_2	1508
Inflammatory_Bowel_Disease_NA_2017	domino_2	3120
Inflammatory_Bowel_Disease_NA_2017	domino_2	1510
Inflammatory_Bowel_Disease_NA_2017	domino_2	3902
Inflammatory_Bowel_Disease_NA_2017	domino_2	55080
Inflammatory_Bowel_Disease_NA_2017	domino_2	3106
Inflammatory_Bowel_Disease_NA_2017	domino_2	55016
Inflammatory_Bowel_Disease_NA_2017	domino_2	1519
Inflammatory_Bowel_Disease_NA_2017	domino_2	151888
Inflammatory_Bowel_Disease_NA_2017	domino_2	3118
Inflammatory_Bowel_Disease_NA_2017	domino_2	115362
Inflammatory_Bowel_Disease_NA_2017	domino_2	3115
Inflammatory_Bowel_Disease_NA_2017	domino_2	3122
Inflammatory_Bowel_Disease_NA_2017	domino_2	3119
Inflammatory_Bowel_Disease_NA_2017	domino_2	3383
Inflammatory_Bowel_Disease_NA_2017	domino_2	8722
Inflammatory_Bowel_Disease_NA_2017	domino_2	3659
Inflammatory_Bowel_Disease_NA_2017	domino_2	1514
Inflammatory_Bowel_Disease_NA_2017	domino_2	5641
Inflammatory_Bowel_Disease_NA_2017	domino_2	11074
Inflammatory_Bowel_Disease_NA_2017	domino_2	5133
Inflammatory_Bowel_Disease_NA_2017	domino_2	3123
Inflammatory_Bowel_Disease_NA_2017	domino_2	26191
Inflammatory_Bowel_Disease_NA_2017	domino_2	9436
Inflammatory_Bowel_Disease_NA_2017	domino_2	374383
Inflammatory_Bowel_Disease_NA_2017	domino_2	51447
Inflammatory_Bowel_Disease_NA_2017	domino_2	25939
Inflammatory_Bowel_Disease_NA_2017	domino_2	1515
Inflammatory_Bowel_Disease_NA_2017	domino_2	7789
Inflammatory_Bowel_Disease_NA_2017	domino_2	2209
Inflammatory_Bowel_Disease_NA_2017	domino_3	1540
Inflammatory_Bowel_Disease_NA_2017	domino_3	257397
Inflammatory_Bowel_Disease_NA_2017	domino_3	10454
Inflammatory_Bowel_Disease_NA_2017	domino_3	353376
Inflammatory_Bowel_Disease_NA_2017	domino_3	23118
Inflammatory_Bowel_Disease_NA_2017	domino_3	602
Inflammatory_Bowel_Disease_NA_2017	domino_3	7124
Inflammatory_Bowel_Disease_NA_2017	domino_3	8771
Inflammatory_Bowel_Disease_NA_2017	domino_3	9966
Inflammatory_Bowel_Disease_NA_2017	domino_3	922
Inflammatory_Bowel_Disease_NA_2017	domino_3	730
Inflammatory_Bowel_Disease_NA_2017	domino_3	7375
Inflammatory_Bowel_Disease_NA_2017	domino_3	81858
Inflammatory_Bowel_Disease_NA_2017	domino_3	25816
Inflammatory_Bowel_Disease_NA_2017	domino_3	177
Inflammatory_Bowel_Disease_NA_2017	domino_3	7097
Inflammatory_Bowel_Disease_NA_2017	domino_3	10068
Inflammatory_Bowel_Disease_NA_2017	domino_3	8807
Inflammatory_Bowel_Disease_NA_2017	domino_3	57646
Inflammatory_Bowel_Disease_NA_2017	domino_3	10869
Inflammatory_Bowel_Disease_NA_2017	domino_3	7182
Inflammatory_Bowel_Disease_NA_2017	domino_3	56928
Inflammatory_Bowel_Disease_NA_2017	domino_3	84888
Inflammatory_Bowel_Disease_NA_2017	domino_3	7850
Inflammatory_Bowel_Disease_NA_2017	domino_3	3556
Inflammatory_Bowel_Disease_NA_2017	domino_3	9173
Inflammatory_Bowel_Disease_NA_2017	domino_3	4170
Inflammatory_Bowel_Disease_NA_2017	domino_3	666
Inflammatory_Bowel_Disease_NA_2017	domino_3	8764
Inflammatory_Bowel_Disease_NA_2017	domino_3	7186
Inflammatory_Bowel_Disease_NA_2017	domino_3	64127
Inflammatory_Bowel_Disease_NA_2017	domino_3	8809
Inflammatory_Bowel_Disease_NA_2017	domino_3	29110
Inflammatory_Bowel_Disease_NA_2017	domino_3	1326
Inflammatory_Bowel_Disease_NA_2017	domino_3	9448
Inflammatory_Bowel_Disease_NA_2017	domino_3	64170
Inflammatory_Bowel_Disease_NA_2017	domino_3	8718
Inflammatory_Bowel_Disease_NA_2017	domino_3	27178
Inflammatory_Bowel_Disease_NA_2017	domino_3	3553
Inflammatory_Bowel_Disease_NA_2017	domino_3	596
Inflammatory_Bowel_Disease_NA_2017	domino_3	308
Inflammatory_Bowel_Disease_NA_2017	domino_6	63940
Inflammatory_Bowel_Disease_NA_2017	domino_6	729230
Inflammatory_Bowel_Disease_NA_2017	domino_6	53637
Inflammatory_Bowel_Disease_NA_2017	domino_6	6357
Inflammatory_Bowel_Disease_NA_2017	domino_6	109
Inflammatory_Bowel_Disease_NA_2017	domino_6	1235
Inflammatory_Bowel_Disease_NA_2017	domino_6	58191
Inflammatory_Bowel_Disease_NA_2017	domino_6	5443
Inflammatory_Bowel_Disease_NA_2017	domino_6	26086
Inflammatory_Bowel_Disease_NA_2017	domino_6	6346
Inflammatory_Bowel_Disease_NA_2017	domino_6	339403
Inflammatory_Bowel_Disease_NA_2017	domino_6	3579
Inflammatory_Bowel_Disease_NA_2017	domino_6	1880
Inflammatory_Bowel_Disease_NA_2017	domino_6	113
Inflammatory_Bowel_Disease_NA_2017	domino_5	10043
Inflammatory_Bowel_Disease_NA_2017	domino_5	401258
Inflammatory_Bowel_Disease_NA_2017	domino_5	8694
Inflammatory_Bowel_Disease_NA_2017	domino_5	79170
Inflammatory_Bowel_Disease_NA_2017	domino_5	55163
Inflammatory_Bowel_Disease_NA_2017	domino_5	10636
Inflammatory_Bowel_Disease_NA_2017	domino_5	3683
Inflammatory_Bowel_Disease_NA_2017	domino_5	9145
Inflammatory_Bowel_Disease_NA_2017	domino_5	57026
Inflammatory_Bowel_Disease_NA_2017	domino_5	64114
Inflammatory_Bowel_Disease_NA_2017	domino_5	5328
Inflammatory_Bowel_Disease_NA_2017	domino_5	5271
Inflammatory_Bowel_Disease_NA_2017	domino_5	493911
Inflammatory_Bowel_Disease_NA_2017	domino_5	114881
Inflammatory_Bowel_Disease_NA_2017	domino_5	3386
Inflammatory_Bowel_Disease_NA_2017	domino_5	94103
Inflammatory_Bowel_Disease_NA_2017	domino_5	9218
Inflammatory_Bowel_Disease_NA_2017	domino_4	142827
Inflammatory_Bowel_Disease_NA_2017	domino_4	9415
Inflammatory_Bowel_Disease_NA_2017	domino_4	55870
Inflammatory_Bowel_Disease_NA_2017	domino_4	23389
Inflammatory_Bowel_Disease_NA_2017	domino_4	3164
Inflammatory_Bowel_Disease_NA_2017	domino_4	6258
Inflammatory_Bowel_Disease_NA_2017	domino_4	85441
Inflammatory_Bowel_Disease_NA_2017	domino_4	400569
Inflammatory_Bowel_Disease_NA_2017	domino_4	54988
Inflammatory_Bowel_Disease_NA_2017	domino_4	116285
Inflammatory_Bowel_Disease_NA_2017	domino_4	3172
Inflammatory_Bowel_Disease_NA_2017	domino_4	10891
Inflammatory_Bowel_Disease_NA_2017	domino_4	8648
Inflammatory_Bowel_Disease_NA_2017	domino_4	9862
Inflammatory_Bowel_Disease_NA_2017	domino_4	6097
Inflammatory_Bowel_Disease_NA_2017	domino_4	8204
Inflammatory_Bowel_Disease_NA_2017	domino_4	3992
Inflammatory_Bowel_Disease_NA_2017	domino_4	2168
Inflammatory_Bowel_Disease_NA_2017	domino_4	7067
Inflammatory_Bowel_Disease_NA_2017	domino_4	10499
Inflammatory_Bowel_Disease_NA_2017	domino_4	6319
Inflammatory_Bowel_Disease_NA_2017	domino_8	9807
Inflammatory_Bowel_Disease_NA_2017	domino_8	253430
Inflammatory_Bowel_Disease_NA_2017	domino_8	8897
Inflammatory_Bowel_Disease_NA_2017	domino_8	79837
Inflammatory_Bowel_Disease_NA_2017	domino_8	80271
Inflammatory_Bowel_Disease_NA_2017	domino_8	3632
Inflammatory_Bowel_Disease_NA_2017	domino_8	56623
Inflammatory_Bowel_Disease_NA_2017	domino_8	113026
Inflammatory_Bowel_Disease_NA_2017	domino_9	7918
Inflammatory_Bowel_Disease_NA_2017	domino_9	221527
Inflammatory_Bowel_Disease_NA_2017	domino_9	7916
Inflammatory_Bowel_Disease_NA_2017	domino_9	7920
Inflammatory_Bowel_Disease_NA_2017	domino_9	7940
Inflammatory_Bowel_Disease_NA_2017	domino_7	80864
Inflammatory_Bowel_Disease_NA_2017	domino_7	63943
Inflammatory_Bowel_Disease_NA_2017	domino_7	54851
Inflammatory_Bowel_Disease_NA_2017	domino_7	57178
Inflammatory_Bowel_Disease_NA_2017	domino_7	367
Inflammatory_Bowel_Disease_NA_2017	domino_7	5536
Inflammatory_Bowel_Disease_NA_2017	domino_7	10728
Inflammatory_Bowel_Disease_NA_2017	domino_7	3326
Inflammatory_Bowel_Disease_NA_2017	domino_7	84293
Inflammatory_Bowel_Disease_NA_2017	domino_7	4306
Mean_corpuscular_hemoglobin_concentration_NA_2018	domino_2	27309
Mean_corpuscular_hemoglobin_concentration_NA_2018	domino_2	7343
Mean_corpuscular_hemoglobin_concentration_NA_2018	domino_2	23410
Mean_corpuscular_hemoglobin_concentration_NA_2018	domino_2	83933
Mean_corpuscular_hemoglobin_concentration_NA_2018	domino_2	161882
Mean_corpuscular_hemoglobin_concentration_NA_2018	domino_2	474382
Mean_corpuscular_hemoglobin_concentration_NA_2018	domino_2	1822
Mean_corpuscular_hemoglobin_concentration_NA_2018	domino_2	84733
Mean_corpuscular_hemoglobin_concentration_NA_2018	domino_2	10014
Mean_corpuscular_hemoglobin_concentration_NA_2018	domino_2	255626
Mean_corpuscular_hemoglobin_concentration_NA_2018	domino_4	23381
Mean_corpuscular_hemoglobin_concentration_NA_2018	domino_4	200916
Mean_corpuscular_hemoglobin_concentration_NA_2018	domino_4	10767
Mean_corpuscular_hemoglobin_concentration_NA_2018	domino_4	114987
Mean_corpuscular_hemoglobin_concentration_NA_2018	domino_4	58477
Mean_corpuscular_hemoglobin_concentration_NA_2018	domino_4	6727
Mean_corpuscular_hemoglobin_concentration_NA_2018	domino_1	4357
Mean_corpuscular_hemoglobin_concentration_NA_2018	domino_1	100131187
Mean_corpuscular_hemoglobin_concentration_NA_2018	domino_1	58472
Mean_corpuscular_hemoglobin_concentration_NA_2018	domino_1	7263
Mean_corpuscular_hemoglobin_concentration_NA_2018	domino_1	79783
Mean_corpuscular_hemoglobin_concentration_NA_2018	domino_1	2639
Mean_corpuscular_hemoglobin_concentration_NA_2018	domino_1	6821
Mean_corpuscular_hemoglobin_concentration_NA_2018	domino_1	162417
Mean_corpuscular_hemoglobin_concentration_NA_2018	domino_1	84706
Mean_corpuscular_hemoglobin_concentration_NA_2018	domino_1	23474
Mean_corpuscular_hemoglobin_concentration_NA_2018	domino_1	2806
Mean_corpuscular_hemoglobin_concentration_NA_2018	domino_1	55753
Mean_corpuscular_hemoglobin_concentration_NA_2018	domino_1	3945
Mean_corpuscular_hemoglobin_concentration_NA_2018	domino_1	92579
Mean_corpuscular_hemoglobin_concentration_NA_2018	domino_1	230
Mean_corpuscular_hemoglobin_concentration_NA_2018	domino_9	10260
Mean_corpuscular_hemoglobin_concentration_NA_2018	domino_9	10890
Mean_corpuscular_hemoglobin_concentration_NA_2018	domino_9	51560
Mean_corpuscular_hemoglobin_concentration_NA_2018	domino_9	115827
Mean_corpuscular_hemoglobin_concentration_NA_2018	domino_9	22895
Mean_corpuscular_hemoglobin_concentration_NA_2018	domino_5	83733
Mean_corpuscular_hemoglobin_concentration_NA_2018	domino_5	7018
Mean_corpuscular_hemoglobin_concentration_NA_2018	domino_5	335
Mean_corpuscular_hemoglobin_concentration_NA_2018	domino_5	401138
Mean_corpuscular_hemoglobin_concentration_NA_2018	domino_5	116519
Mean_corpuscular_hemoglobin_concentration_NA_2018	domino_5	3956
Mean_corpuscular_hemoglobin_concentration_NA_2018	domino_6	8882
Mean_corpuscular_hemoglobin_concentration_NA_2018	domino_6	79833
Mean_corpuscular_hemoglobin_concentration_NA_2018	domino_6	25929
Mean_corpuscular_hemoglobin_concentration_NA_2018	domino_6	3303
Mean_corpuscular_hemoglobin_concentration_NA_2018	domino_6	55466
Mean_corpuscular_hemoglobin_concentration_NA_2018	domino_6	100101267
Mean_corpuscular_hemoglobin_concentration_NA_2018	domino_7	4601
Mean_corpuscular_hemoglobin_concentration_NA_2018	domino_7	4149
Mean_corpuscular_hemoglobin_concentration_NA_2018	domino_7	3842
Mean_corpuscular_hemoglobin_concentration_NA_2018	domino_7	653604
Mean_corpuscular_hemoglobin_concentration_NA_2018	domino_7	3077
Mean_corpuscular_hemoglobin_concentration_NA_2018	domino_7	84148
Mean_corpuscular_hemoglobin_concentration_NA_2018	domino_3	3050
Mean_corpuscular_hemoglobin_concentration_NA_2018	domino_3	201161
Mean_corpuscular_hemoglobin_concentration_NA_2018	domino_3	4780
Mean_corpuscular_hemoglobin_concentration_NA_2018	domino_3	440275
Mean_corpuscular_hemoglobin_concentration_NA_2018	domino_3	51327
Mean_corpuscular_hemoglobin_concentration_NA_2018	domino_3	6521
Mean_corpuscular_hemoglobin_concentration_NA_2018	domino_3	1385
Mean_corpuscular_hemoglobin_concentration_NA_2018	domino_11	23568
Mean_corpuscular_hemoglobin_concentration_NA_2018	domino_11	131965
Mean_corpuscular_hemoglobin_concentration_NA_2018	domino_11	80011
Mean_corpuscular_hemoglobin_concentration_NA_2018	domino_10	337
Mean_corpuscular_hemoglobin_concentration_NA_2018	domino_10	221914
Mean_corpuscular_hemoglobin_concentration_NA_2018	domino_10	345
Mean_corpuscular_hemoglobin_concentration_NA_2018	domino_10	150379
Mean_corpuscular_hemoglobin_concentration_NA_2018	domino_8	768211
Mean_corpuscular_hemoglobin_concentration_NA_2018	domino_8	9943
Mean_corpuscular_hemoglobin_concentration_NA_2018	domino_8	65267
Mean_corpuscular_hemoglobin_concentration_NA_2018	domino_8	10723
Mean_corpuscular_hemoglobin_concentration_NA_2018	domino_8	6558
Mean_corpuscular_volume_NA_2018	domino_1	5916
Mean_corpuscular_volume_NA_2018	domino_1	474382
Mean_corpuscular_volume_NA_2018	domino_1	8334
Mean_corpuscular_volume_NA_2018	domino_1	7343
Mean_corpuscular_volume_NA_2018	domino_1	8850
Mean_corpuscular_volume_NA_2018	domino_1	57459
Mean_corpuscular_volume_NA_2018	domino_1	94239
Mean_corpuscular_volume_NA_2018	domino_1	26277
Mean_corpuscular_volume_NA_2018	domino_1	27283
Mean_corpuscular_volume_NA_2018	domino_1	23410
Mean_corpuscular_volume_NA_2018	domino_1	51564
Mean_corpuscular_volume_NA_2018	domino_1	29781
Mean_corpuscular_volume_NA_2018	domino_1	9031
Mean_corpuscular_volume_NA_2018	domino_1	85236
Mean_corpuscular_volume_NA_2018	domino_1	3720
Mean_corpuscular_volume_NA_2018	domino_1	27309
Mean_corpuscular_volume_NA_2018	domino_1	8341
Mean_corpuscular_volume_NA_2018	domino_1	7703
Mean_corpuscular_volume_NA_2018	domino_1	9898
Mean_corpuscular_volume_NA_2018	domino_5	8766
Mean_corpuscular_volume_NA_2018	domino_5	261734
Mean_corpuscular_volume_NA_2018	domino_5	4218
Mean_corpuscular_volume_NA_2018	domino_5	57553
Mean_corpuscular_volume_NA_2018	domino_5	8655
Mean_corpuscular_volume_NA_2018	domino_5	728642
Mean_corpuscular_volume_NA_2018	domino_5	55765
Mean_corpuscular_volume_NA_2018	domino_5	10121
Mean_corpuscular_volume_NA_2018	domino_5	115106
Mean_corpuscular_volume_NA_2018	domino_5	653784
Mean_corpuscular_volume_NA_2018	domino_5	10383
Mean_corpuscular_volume_NA_2018	domino_5	55930
Mean_corpuscular_volume_NA_2018	domino_5	146057
Mean_corpuscular_volume_NA_2018	domino_5	57545
Mean_corpuscular_volume_NA_2018	domino_2	9415
Mean_corpuscular_volume_NA_2018	domino_2	142827
Mean_corpuscular_volume_NA_2018	domino_2	53919
Mean_corpuscular_volume_NA_2018	domino_2	117247
Mean_corpuscular_volume_NA_2018	domino_2	116285
Mean_corpuscular_volume_NA_2018	domino_2	54988
Mean_corpuscular_volume_NA_2018	domino_2	11000
Mean_corpuscular_volume_NA_2018	domino_2	81616
Mean_corpuscular_volume_NA_2018	domino_2	7068
Mean_corpuscular_volume_NA_2018	domino_2	10499
Mean_corpuscular_volume_NA_2018	domino_2	3992
Mean_corpuscular_volume_NA_2018	domino_2	60481
Mean_corpuscular_volume_NA_2018	domino_2	6567
Mean_corpuscular_volume_NA_2018	domino_2	9477
Mean_corpuscular_volume_NA_2018	domino_2	7067
Mean_corpuscular_volume_NA_2018	domino_2	2180
Mean_corpuscular_volume_NA_2018	domino_2	1375
Mean_corpuscular_volume_NA_2018	domino_6	5437
Mean_corpuscular_volume_NA_2018	domino_6	404672
Mean_corpuscular_volume_NA_2018	domino_6	6667
Mean_corpuscular_volume_NA_2018	domino_6	129685
Mean_corpuscular_volume_NA_2018	domino_6	126205
Mean_corpuscular_volume_NA_2018	domino_6	23060
Mean_corpuscular_volume_NA_2018	domino_6	9921
Mean_corpuscular_volume_NA_2018	domino_6	51728
Mean_corpuscular_volume_NA_2018	domino_6	83986
Mean_corpuscular_volume_NA_2018	domino_6	4299
Mean_corpuscular_volume_NA_2018	domino_6	80237
Mean_corpuscular_volume_NA_2018	domino_6	80789
Mean_corpuscular_volume_NA_2018	domino_4	10739
Mean_corpuscular_volume_NA_2018	domino_4	4677
Mean_corpuscular_volume_NA_2018	domino_4	5988
Mean_corpuscular_volume_NA_2018	domino_4	2193
Mean_corpuscular_volume_NA_2018	domino_4	23438
Mean_corpuscular_volume_NA_2018	domino_4	55803
Mean_corpuscular_volume_NA_2018	domino_4	79736
Mean_corpuscular_volume_NA_2018	domino_4	51379
Mean_corpuscular_volume_NA_2018	domino_4	10738
Mean_corpuscular_volume_NA_2018	domino_4	80222
Mean_corpuscular_volume_NA_2018	domino_4	7786
Mean_corpuscular_volume_NA_2018	domino_4	57097
Mean_corpuscular_volume_NA_2018	domino_4	5442
Mean_corpuscular_volume_NA_2018	domino_4	11232
Mean_corpuscular_volume_NA_2018	domino_4	56652
Mean_corpuscular_volume_NA_2018	domino_3	9175
Mean_corpuscular_volume_NA_2018	domino_3	23542
Mean_corpuscular_volume_NA_2018	domino_3	23162
Mean_corpuscular_volume_NA_2018	domino_3	5596
Mean_corpuscular_volume_NA_2018	domino_3	8550
Mean_corpuscular_volume_NA_2018	domino_3	11075
Mean_corpuscular_volume_NA_2018	domino_3	5602
Mean_corpuscular_volume_NA_2018	domino_3	201161
Mean_corpuscular_volume_NA_2018	domino_3	3050
Mean_corpuscular_volume_NA_2018	domino_3	10961
Mean_corpuscular_volume_NA_2018	domino_3	3315
Mean_corpuscular_volume_NA_2018	domino_3	4294
Mean_corpuscular_volume_NA_2018	domino_3	9479
Mean_corpuscular_volume_NA_2018	domino_3	51327
Mean_corpuscular_volume_NA_2018	domino_3	10661
Mean_corpuscular_volume_NA_2018	domino_3	5600
Mean_corpuscular_volume_NA_2018	domino_3	3725
Mean_corpuscular_volume_NA_2018	domino_8	1997
Mean_corpuscular_volume_NA_2018	domino_8	7027
Mean_corpuscular_volume_NA_2018	domino_8	896
Mean_corpuscular_volume_NA_2018	domino_8	219771
Mean_corpuscular_volume_NA_2018	domino_8	1647
Mean_corpuscular_volume_NA_2018	domino_8	1019
Mean_corpuscular_volume_NA_2018	domino_8	8556
Mean_corpuscular_volume_NA_2018	domino_8	8555
Mean_corpuscular_volume_NA_2018	domino_8	1021
Mean_corpuscular_volume_NA_2018	domino_7	221927
Mean_corpuscular_volume_NA_2018	domino_7	8315
Mean_corpuscular_volume_NA_2018	domino_7	54715
Mean_corpuscular_volume_NA_2018	domino_7	11030
Mean_corpuscular_volume_NA_2018	domino_7	3690
Mean_corpuscular_volume_NA_2018	domino_7	283455
Mean_corpuscular_volume_NA_2018	domino_7	348093
Mean_corpuscular_volume_NA_2018	domino_7	369
Mean_corpuscular_volume_NA_2018	domino_7	152559
Mean_corpuscular_volume_NA_2018	domino_7	54845
Mean_corpuscular_volume_NA_2018	domino_10	9275
Mean_corpuscular_volume_NA_2018	domino_10	26608
Mean_corpuscular_volume_NA_2018	domino_10	51412
Mean_corpuscular_volume_NA_2018	domino_10	57492
Mean_corpuscular_volume_NA_2018	domino_9	79072
Mean_corpuscular_volume_NA_2018	domino_9	10240
Mean_corpuscular_volume_NA_2018	domino_9	7837
Mean_corpuscular_volume_NA_2018	domino_9	90480
Mean_corpuscular_volume_NA_2018	domino_9	29093
Mean_corpuscular_volume_NA_2018	domino_9	118487
Mean_corpuscular_volume_NA_2018	domino_9	116541
Multiple_Sclerosis_NA_2011	domino_1	3113
Multiple_Sclerosis_NA_2011	domino_1	388646
Multiple_Sclerosis_NA_2011	domino_1	3115
Multiple_Sclerosis_NA_2011	domino_1	11074
Multiple_Sclerosis_NA_2011	domino_1	4277
Multiple_Sclerosis_NA_2011	domino_1	100507436
Multiple_Sclerosis_NA_2011	domino_1	3118
Multiple_Sclerosis_NA_2011	domino_1	163351
Multiple_Sclerosis_NA_2011	domino_1	10437
Multiple_Sclerosis_NA_2011	domino_1	115362
Multiple_Sclerosis_NA_2011	domino_1	3107
Multiple_Sclerosis_NA_2011	domino_1	56244
Multiple_Sclerosis_NA_2011	domino_1	10665
Multiple_Sclerosis_NA_2011	domino_1	3140
Multiple_Sclerosis_NA_2011	domino_1	3134
Multiple_Sclerosis_NA_2011	domino_1	3117
Multiple_Sclerosis_NA_2011	domino_1	55128
Multiple_Sclerosis_NA_2011	domino_1	6890
Multiple_Sclerosis_NA_2011	domino_1	3133
Multiple_Sclerosis_NA_2011	domino_1	3821
Multiple_Sclerosis_NA_2011	domino_1	3123
Multiple_Sclerosis_NA_2011	domino_3	116379
Multiple_Sclerosis_NA_2011	domino_3	282618
Multiple_Sclerosis_NA_2011	domino_3	6774
Multiple_Sclerosis_NA_2011	domino_3	3559
Multiple_Sclerosis_NA_2011	domino_3	85480
Multiple_Sclerosis_NA_2011	domino_3	3574
Multiple_Sclerosis_NA_2011	domino_3	11122
Multiple_Sclerosis_NA_2011	domino_3	8320
Multiple_Sclerosis_NA_2011	domino_3	3560
Multiple_Sclerosis_NA_2011	domino_3	9077
Multiple_Sclerosis_NA_2011	domino_3	50943
Multiple_Sclerosis_NA_2011	domino_4	51460
Multiple_Sclerosis_NA_2011	domino_4	5698
Multiple_Sclerosis_NA_2011	domino_4	51162
Multiple_Sclerosis_NA_2011	domino_4	4855
Multiple_Sclerosis_NA_2011	domino_4	5696
Multiple_Sclerosis_NA_2011	domino_4	399473
Multiple_Sclerosis_NA_2011	domino_4	4049
Multiple_Sclerosis_NA_2011	domino_4	143471
Multiple_Sclerosis_NA_2011	domino_4	5706
Multiple_Sclerosis_NA_2011	domino_2	761
Multiple_Sclerosis_NA_2011	domino_2	1591
Multiple_Sclerosis_NA_2011	domino_2	11238
Multiple_Sclerosis_NA_2011	domino_2	377677
Multiple_Sclerosis_NA_2011	domino_2	771
Multiple_Sclerosis_NA_2011	domino_2	23632
Multiple_Sclerosis_NA_2011	domino_2	766
Multiple_Sclerosis_NA_2011	domino_2	120227
Multiple_Sclerosis_NA_2011	domino_2	1594
Multiple_Sclerosis_NA_2011	domino_2	9360
Multiple_Sclerosis_NA_2011	domino_2	5447
Multiple_Sclerosis_NA_2011	domino_2	1666
Multiple_Sclerosis_NA_2011	domino_2	4689
Multiple_Sclerosis_NA_2011	domino_2	1586
Multiple_Sclerosis_NA_2011	domino_2	7923
Multiple_Sclerosis_NA_2011	domino_6	54535
Multiple_Sclerosis_NA_2011	domino_6	126295
Multiple_Sclerosis_NA_2011	domino_6	55143
Multiple_Sclerosis_NA_2011	domino_6	7813
Multiple_Sclerosis_NA_2011	domino_6	6941
Multiple_Sclerosis_NA_2011	domino_6	80352
Multiple_Sclerosis_NA_2011	domino_5	85378
Multiple_Sclerosis_NA_2011	domino_5	51174
Multiple_Sclerosis_NA_2011	domino_5	54806
Multiple_Sclerosis_NA_2011	domino_5	261734
Multiple_Sclerosis_NA_2011	domino_5	9657
Multiple_Sclerosis_NA_2011	domino_5	203068
Multiple_Sclerosis_NA_2011	domino_5	10426
Multiple_Sclerosis_NA_2011	domino_9	170679
Multiple_Sclerosis_NA_2011	domino_9	1041
Multiple_Sclerosis_NA_2011	domino_8	9374
Multiple_Sclerosis_NA_2011	domino_8	54938
Multiple_Sclerosis_NA_2011	domino_8	57176
Multiple_Sclerosis_NA_2011	domino_7	7920
Multiple_Sclerosis_NA_2011	domino_7	7940
Multiple_Sclerosis_NA_2011	domino_7	221527
Multiple_Sclerosis_NA_2011	domino_7	7916
Multiple_Sclerosis_NA_2011	domino_7	7918
Platelet_count_NA_2018	domino_3	5978
Platelet_count_NA_2018	domino_3	440689
Platelet_count_NA_2018	domino_3	2811
Platelet_count_NA_2018	domino_3	474382
Platelet_count_NA_2018	domino_3	11176
Platelet_count_NA_2018	domino_3	9734
Platelet_count_NA_2018	domino_3	255626
Platelet_count_NA_2018	domino_3	23410
Platelet_count_NA_2018	domino_3	83933
Platelet_count_NA_2018	domino_3	2122
Platelet_count_NA_2018	domino_3	84733
Platelet_count_NA_2018	domino_3	23186
Platelet_count_NA_2018	domino_3	161882
Platelet_count_NA_2018	domino_3	26277
Platelet_count_NA_2018	domino_3	27283
Platelet_count_NA_2018	domino_3	23414
Platelet_count_NA_2018	domino_3	140628
Platelet_count_NA_2018	domino_3	51773
Platelet_count_NA_2018	domino_1	5788
Platelet_count_NA_2018	domino_1	5790
Platelet_count_NA_2018	domino_1	53373
Platelet_count_NA_2018	domino_1	5979
Platelet_count_NA_2018	domino_1	128954
Platelet_count_NA_2018	domino_1	5781
Platelet_count_NA_2018	domino_1	400581
Platelet_count_NA_2018	domino_1	9846
Platelet_count_NA_2018	domino_1	27240
Platelet_count_NA_2018	domino_1	4162
Platelet_count_NA_2018	domino_1	5175
Platelet_count_NA_2018	domino_1	4065
Platelet_count_NA_2018	domino_1	50856
Platelet_count_NA_2018	domino_1	55915
Platelet_count_NA_2018	domino_1	9046
Platelet_count_NA_2018	domino_1	10095
Platelet_count_NA_2018	domino_1	100423062
Platelet_count_NA_2018	domino_1	10019
Platelet_count_NA_2018	domino_1	4916
Platelet_count_NA_2018	domino_1	7294
Platelet_count_NA_2018	domino_1	9402
Platelet_count_NA_2018	domino_1	114132
Platelet_count_NA_2018	domino_1	7006
Platelet_count_NA_2018	domino_1	7454
Platelet_count_NA_2018	domino_1	942
Platelet_count_NA_2018	domino_1	6850
Platelet_count_NA_2018	domino_1	2676
Platelet_count_NA_2018	domino_1	2247
Platelet_count_NA_2018	domino_2	2949
Platelet_count_NA_2018	domino_2	653689
Platelet_count_NA_2018	domino_2	2938
Platelet_count_NA_2018	domino_2	51084
Platelet_count_NA_2018	domino_2	10327
Platelet_count_NA_2018	domino_2	2327
Platelet_count_NA_2018	domino_2	1576
Platelet_count_NA_2018	domino_2	2329
Platelet_count_NA_2018	domino_2	22858
Platelet_count_NA_2018	domino_2	6820
Platelet_count_NA_2018	domino_2	130540
Platelet_count_NA_2018	domino_2	2330
Platelet_count_NA_2018	domino_2	2939
Platelet_count_NA_2018	domino_2	27306
Platelet_count_NA_2018	domino_2	1577
Platelet_count_NA_2018	domino_2	100861540
Platelet_count_NA_2018	domino_2	1666
Platelet_count_NA_2018	domino_2	124
Platelet_count_NA_2018	domino_2	217
Platelet_count_NA_2018	domino_2	8630
Platelet_count_NA_2018	domino_2	6017
Platelet_count_NA_2018	domino_6	1950
Platelet_count_NA_2018	domino_6	143425
Platelet_count_NA_2018	domino_6	56904
Platelet_count_NA_2018	domino_6	867
Platelet_count_NA_2018	domino_6	5796
Platelet_count_NA_2018	domino_6	10552
Platelet_count_NA_2018	domino_6	115548
Platelet_count_NA_2018	domino_6	9146
Platelet_count_NA_2018	domino_6	10094
Platelet_count_NA_2018	domino_6	163
Platelet_count_NA_2018	domino_6	25930
Platelet_count_NA_2018	domino_4	3842
Platelet_count_NA_2018	domino_4	653604
Platelet_count_NA_2018	domino_4	4863
Platelet_count_NA_2018	domino_4	25988
Platelet_count_NA_2018	domino_4	23468
Platelet_count_NA_2018	domino_4	4149
Platelet_count_NA_2018	domino_4	4601
Platelet_count_NA_2018	domino_4	221037
Platelet_count_NA_2018	domino_4	9682
Platelet_count_NA_2018	domino_4	121504
Platelet_count_NA_2018	domino_4	9913
Platelet_count_NA_2018	domino_4	93624
Platelet_count_NA_2018	domino_4	85235
Platelet_count_NA_2018	domino_9	92105
Platelet_count_NA_2018	domino_9	129685
Platelet_count_NA_2018	domino_9	5431
Platelet_count_NA_2018	domino_9	548644
Platelet_count_NA_2018	domino_9	5437
Platelet_count_NA_2018	domino_9	51184
Platelet_count_NA_2018	domino_9	51728
Platelet_count_NA_2018	domino_9	4781
Platelet_count_NA_2018	domino_9	5435
Platelet_count_NA_2018	domino_7	3122
Platelet_count_NA_2018	domino_7	388646
Platelet_count_NA_2018	domino_7	4277
Platelet_count_NA_2018	domino_7	100507436
Platelet_count_NA_2018	domino_7	4939
Platelet_count_NA_2018	domino_7	219285
Platelet_count_NA_2018	domino_7	4940
Platelet_count_NA_2018	domino_7	3821
Platelet_count_NA_2018	domino_7	10666
Platelet_count_NA_2018	domino_7	3133
Platelet_count_NA_2018	domino_8	64137
Platelet_count_NA_2018	domino_8	85320
Platelet_count_NA_2018	domino_8	10590
Platelet_count_NA_2018	domino_8	55604
Platelet_count_NA_2018	domino_8	10057
Platelet_count_NA_2018	domino_8	23607
Platelet_count_NA_2018	domino_8	10058
Platelet_count_NA_2018	domino_8	488
Platelet_count_NA_2018	domino_8	10347
Platelet_count_NA_2018	domino_8	114483834
Platelet_count_NA_2018	domino_10	1029
Platelet_count_NA_2018	domino_10	7027
Platelet_count_NA_2018	domino_10	1997
Platelet_count_NA_2018	domino_10	91768
Platelet_count_NA_2018	domino_10	1017
Platelet_count_NA_2018	domino_5	81037
Platelet_count_NA_2018	domino_5	7015
Platelet_count_NA_2018	domino_5	7593
Platelet_count_NA_2018	domino_5	7011
Platelet_count_NA_2018	domino_5	4799
Platelet_count_NA_2018	domino_5	11060
Platelet_count_NA_2018	domino_5	80762
Platelet_count_NA_2018	domino_5	7091
Platelet_count_NA_2018	domino_5	1840
Platelet_count_NA_2018	domino_5	4854
Platelet_count_NA_2018	domino_5	3516
Platelet_count_NA_2018	domino_11	10653
Platelet_count_NA_2018	domino_11	3083
Platelet_count_NA_2018	domino_11	3082
Platelet_count_NA_2018	domino_11	87
Platelet_count_NA_2018	domino_12	9577
Platelet_count_NA_2018	domino_12	165918
Platelet_count_NA_2018	domino_12	26994
Platelet_count_NA_2018	domino_12	7334
Primary_biliary_cirrhosis_NA_2015	domino_1	3106
Primary_biliary_cirrhosis_NA_2015	domino_1	388646
Primary_biliary_cirrhosis_NA_2015	domino_1	3113
Primary_biliary_cirrhosis_NA_2015	domino_1	55080
Primary_biliary_cirrhosis_NA_2015	domino_1	55016
Primary_biliary_cirrhosis_NA_2015	domino_1	3122
Primary_biliary_cirrhosis_NA_2015	domino_1	10665
Primary_biliary_cirrhosis_NA_2015	domino_1	56244
Primary_biliary_cirrhosis_NA_2015	domino_1	26191
Primary_biliary_cirrhosis_NA_2015	domino_1	3663
Primary_biliary_cirrhosis_NA_2015	domino_1	3119
Primary_biliary_cirrhosis_NA_2015	domino_1	10410
Primary_biliary_cirrhosis_NA_2015	domino_1	25939
Primary_biliary_cirrhosis_NA_2015	domino_1	3115
Primary_biliary_cirrhosis_NA_2015	domino_1	6890
Primary_biliary_cirrhosis_NA_2015	domino_1	3107
Primary_biliary_cirrhosis_NA_2015	domino_1	3123
Primary_biliary_cirrhosis_NA_2015	domino_5	10919
Primary_biliary_cirrhosis_NA_2015	domino_5	474382
Primary_biliary_cirrhosis_NA_2015	domino_5	8340
Primary_biliary_cirrhosis_NA_2015	domino_5	644186
Primary_biliary_cirrhosis_NA_2015	domino_5	5252
Primary_biliary_cirrhosis_NA_2015	domino_5	8341
Primary_biliary_cirrhosis_NA_2015	domino_5	6015
Primary_biliary_cirrhosis_NA_2015	domino_5	3017
Primary_biliary_cirrhosis_NA_2015	domino_3	55876
Primary_biliary_cirrhosis_NA_2015	domino_3	124626
Primary_biliary_cirrhosis_NA_2015	domino_3	3595
Primary_biliary_cirrhosis_NA_2015	domino_3	51561
Primary_biliary_cirrhosis_NA_2015	domino_3	3593
Primary_biliary_cirrhosis_NA_2015	domino_3	149233
Primary_biliary_cirrhosis_NA_2015	domino_3	3592
Primary_biliary_cirrhosis_NA_2015	domino_3	56169
Primary_biliary_cirrhosis_NA_2015	domino_3	3142
Primary_biliary_cirrhosis_NA_2015	domino_3	6775
Primary_biliary_cirrhosis_NA_2015	domino_3	22806
Primary_biliary_cirrhosis_NA_2015	domino_3	3718
Primary_biliary_cirrhosis_NA_2015	domino_4	4055
Primary_biliary_cirrhosis_NA_2015	domino_4	143471
Primary_biliary_cirrhosis_NA_2015	domino_4	5698
Primary_biliary_cirrhosis_NA_2015	domino_4	339745
Primary_biliary_cirrhosis_NA_2015	domino_4	4049
Primary_biliary_cirrhosis_NA_2015	domino_4	4855
Primary_biliary_cirrhosis_NA_2015	domino_4	51162
Primary_biliary_cirrhosis_NA_2015	domino_4	51460
Primary_biliary_cirrhosis_NA_2015	domino_4	5696
Primary_biliary_cirrhosis_NA_2015	domino_4	10213
Primary_biliary_cirrhosis_NA_2015	domino_6	3009
Primary_biliary_cirrhosis_NA_2015	domino_6	723790
Primary_biliary_cirrhosis_NA_2015	domino_6	8329
Primary_biliary_cirrhosis_NA_2015	domino_6	131831
Primary_biliary_cirrhosis_NA_2015	domino_6	284058
Primary_biliary_cirrhosis_NA_2015	domino_6	554313
Primary_biliary_cirrhosis_NA_2015	domino_6	7142
Primary_biliary_cirrhosis_NA_2015	domino_6	8607
Primary_biliary_cirrhosis_NA_2015	domino_2	2649
Primary_biliary_cirrhosis_NA_2015	domino_2	5460
Primary_biliary_cirrhosis_NA_2015	domino_2	6689
Primary_biliary_cirrhosis_NA_2015	domino_2	3398
Primary_biliary_cirrhosis_NA_2015	domino_2	199
Primary_biliary_cirrhosis_NA_2015	domino_2	146713
Primary_biliary_cirrhosis_NA_2015	domino_2	1460
Primary_biliary_cirrhosis_NA_2015	domino_2	51177
Primary_biliary_cirrhosis_NA_2015	domino_2	54790
Primary_biliary_cirrhosis_NA_2015	domino_2	56246
Primary_biliary_cirrhosis_NA_2015	domino_2	94
Primary_biliary_cirrhosis_NA_2015	domino_2	6925
Primary_biliary_cirrhosis_NA_2015	domino_2	4089
Primary_biliary_cirrhosis_NA_2015	domino_9	7920
Primary_biliary_cirrhosis_NA_2015	domino_9	221527
Primary_biliary_cirrhosis_NA_2015	domino_9	7940
Primary_biliary_cirrhosis_NA_2015	domino_9	7918
Primary_biliary_cirrhosis_NA_2015	domino_9	7916
Primary_biliary_cirrhosis_NA_2015	domino_7	3385
Primary_biliary_cirrhosis_NA_2015	domino_7	3689
Primary_biliary_cirrhosis_NA_2015	domino_7	5284
Primary_biliary_cirrhosis_NA_2015	domino_7	115352
Primary_biliary_cirrhosis_NA_2015	domino_7	94103
Primary_biliary_cirrhosis_NA_2015	domino_7	401258
Primary_biliary_cirrhosis_NA_2015	domino_8	126382
Primary_biliary_cirrhosis_NA_2015	domino_8	5469
Primary_biliary_cirrhosis_NA_2015	domino_8	6257
Primary_biliary_cirrhosis_NA_2015	domino_8	9971
Primary_biliary_cirrhosis_NA_2015	domino_8	10498
Primary_biliary_cirrhosis_NA_2015	domino_8	96764
Primary_biliary_cirrhosis_NA_2015	domino_10	4758
Primary_biliary_cirrhosis_NA_2015	domino_10	5806
Primary_biliary_cirrhosis_NA_2015	domino_10	1512
Red_blood_cell_count_NA_2018	domino_1	3214
Red_blood_cell_count_NA_2018	domino_1	474382
Red_blood_cell_count_NA_2018	domino_1	29781
Red_blood_cell_count_NA_2018	domino_1	5089
Red_blood_cell_count_NA_2018	domino_1	5316
Red_blood_cell_count_NA_2018	domino_1	94239
Red_blood_cell_count_NA_2018	domino_1	644186
Red_blood_cell_count_NA_2018	domino_1	8341
Red_blood_cell_count_NA_2018	domino_1	10919
Red_blood_cell_count_NA_2018	domino_1	85236
Red_blood_cell_count_NA_2018	domino_1	3218
Red_blood_cell_count_NA_2018	domino_1	5087
Red_blood_cell_count_NA_2018	domino_1	3213
Red_blood_cell_count_NA_2018	domino_1	23411
Red_blood_cell_count_NA_2018	domino_1	79885
Red_blood_cell_count_NA_2018	domino_1	26277
Red_blood_cell_count_NA_2018	domino_1	27283
Red_blood_cell_count_NA_2018	domino_1	9898
Red_blood_cell_count_NA_2018	domino_1	5931
Red_blood_cell_count_NA_2018	domino_1	84444
Red_blood_cell_count_NA_2018	domino_4	23300
Red_blood_cell_count_NA_2018	domino_4	472
Red_blood_cell_count_NA_2018	domino_4	252969
Red_blood_cell_count_NA_2018	domino_4	79661
Red_blood_cell_count_NA_2018	domino_4	545
Red_blood_cell_count_NA_2018	domino_4	56852
Red_blood_cell_count_NA_2018	domino_4	2237
Red_blood_cell_count_NA_2018	domino_4	5981
Red_blood_cell_count_NA_2018	domino_4	116028
Red_blood_cell_count_NA_2018	domino_4	146956
Red_blood_cell_count_NA_2018	domino_4	5814
Red_blood_cell_count_NA_2018	domino_4	6118
Red_blood_cell_count_NA_2018	domino_3	9415
Red_blood_cell_count_NA_2018	domino_3	142827
Red_blood_cell_count_NA_2018	domino_3	1387
Red_blood_cell_count_NA_2018	domino_3	100271849
Red_blood_cell_count_NA_2018	domino_3	54988
Red_blood_cell_count_NA_2018	domino_3	9477
Red_blood_cell_count_NA_2018	domino_3	400569
Red_blood_cell_count_NA_2018	domino_3	7068
Red_blood_cell_count_NA_2018	domino_3	10891
Red_blood_cell_count_NA_2018	domino_3	3992
Red_blood_cell_count_NA_2018	domino_3	80205
Red_blood_cell_count_NA_2018	domino_3	116285
Red_blood_cell_count_NA_2018	domino_3	1375
Red_blood_cell_count_NA_2018	domino_3	51703
Red_blood_cell_count_NA_2018	domino_3	79071
Red_blood_cell_count_NA_2018	domino_5	811
Red_blood_cell_count_NA_2018	domino_5	64714
Red_blood_cell_count_NA_2018	domino_5	6890
Red_blood_cell_count_NA_2018	domino_5	6892
Red_blood_cell_count_NA_2018	domino_5	3107
Red_blood_cell_count_NA_2018	domino_5	388646
Red_blood_cell_count_NA_2018	domino_5	4939
Red_blood_cell_count_NA_2018	domino_5	3140
Red_blood_cell_count_NA_2018	domino_5	3122
Red_blood_cell_count_NA_2018	domino_2	10961
Red_blood_cell_count_NA_2018	domino_2	3315
Red_blood_cell_count_NA_2018	domino_2	2993
Red_blood_cell_count_NA_2018	domino_2	6521
Red_blood_cell_count_NA_2018	domino_2	2995
Red_blood_cell_count_NA_2018	domino_2	2994
Red_blood_cell_count_NA_2018	domino_2	759
Red_blood_cell_count_NA_2018	domino_2	6007
Red_blood_cell_count_NA_2018	domino_2	6005
Red_blood_cell_count_NA_2018	domino_2	8550
Red_blood_cell_count_NA_2018	domino_2	5596
Red_blood_cell_count_NA_2018	domino_2	3047
Red_blood_cell_count_NA_2018	domino_2	10661
Red_blood_cell_count_NA_2018	domino_2	51327
Red_blood_cell_count_NA_2018	domino_2	1388
Red_blood_cell_count_NA_2018	domino_2	22926
Red_blood_cell_count_NA_2018	domino_2	5600
Red_blood_cell_count_NA_2018	domino_2	1385
Red_blood_cell_count_NA_2018	domino_2	3050
Red_blood_cell_count_NA_2018	domino_6	147138
Red_blood_cell_count_NA_2018	domino_6	9144
Red_blood_cell_count_NA_2018	domino_6	80331
Red_blood_cell_count_NA_2018	domino_6	441864
Red_blood_cell_count_NA_2018	domino_6	10636
Red_blood_cell_count_NA_2018	domino_6	5906
Red_blood_cell_count_NA_2018	domino_6	11322
Red_blood_cell_count_NA_2018	domino_12	5886
Red_blood_cell_count_NA_2018	domino_12	283899
Red_blood_cell_count_NA_2018	domino_12	23582
Red_blood_cell_count_NA_2018	domino_12	51138
Red_blood_cell_count_NA_2018	domino_11	2161
Red_blood_cell_count_NA_2018	domino_11	1285
Red_blood_cell_count_NA_2018	domino_11	5118
Red_blood_cell_count_NA_2018	domino_11	50509
Red_blood_cell_count_NA_2018	domino_11	1302
Red_blood_cell_count_NA_2018	domino_13	23039
Red_blood_cell_count_NA_2018	domino_13	10311
Red_blood_cell_count_NA_2018	domino_13	51699
Red_blood_cell_count_NA_2018	domino_13	253725
Red_blood_cell_count_NA_2018	domino_7	54851
Red_blood_cell_count_NA_2018	domino_7	63943
Red_blood_cell_count_NA_2018	domino_7	80864
Red_blood_cell_count_NA_2018	domino_7	55898
Red_blood_cell_count_NA_2018	domino_7	3326
Red_blood_cell_count_NA_2018	domino_8	221927
Red_blood_cell_count_NA_2018	domino_8	8315
Red_blood_cell_count_NA_2018	domino_8	2077
Red_blood_cell_count_NA_2018	domino_8	5595
Red_blood_cell_count_NA_2018	domino_8	8844
Red_blood_cell_count_NA_2018	domino_9	8555
Red_blood_cell_count_NA_2018	domino_9	896
Red_blood_cell_count_NA_2018	domino_9	1021
Red_blood_cell_count_NA_2018	domino_9	219771
Red_blood_cell_count_NA_2018	domino_9	8556
Red_blood_cell_count_NA_2018	domino_10	79072
Red_blood_cell_count_NA_2018	domino_10	10240
Red_blood_cell_count_NA_2018	domino_10	90480
Red_blood_cell_count_NA_2018	domino_10	219927
Red_blood_cell_count_NA_2018	domino_10	7837
Schizophrenia_PGC_2013	domino_1	56244
Schizophrenia_PGC_2013	domino_1	10665
Schizophrenia_PGC_2013	domino_1	55016
Schizophrenia_PGC_2013	domino_1	3127
Schizophrenia_PGC_2013	domino_1	3106
Schizophrenia_PGC_2013	domino_1	388646
Schizophrenia_PGC_2013	domino_1	11074
Schizophrenia_PGC_2013	domino_1	3123
Schizophrenia_PGC_2013	domino_1	3135
Schizophrenia_PGC_2013	domino_1	5610
Schizophrenia_PGC_2013	domino_1	91543
Schizophrenia_PGC_2013	domino_1	3117
Schizophrenia_PGC_2013	domino_1	7726
Schizophrenia_PGC_2013	domino_1	4939
Schizophrenia_PGC_2013	domino_1	55080
Schizophrenia_PGC_2013	domino_1	3122
Schizophrenia_PGC_2013	domino_3	8363
Schizophrenia_PGC_2013	domino_3	723790
Schizophrenia_PGC_2013	domino_3	8347
Schizophrenia_PGC_2013	domino_3	3008
Schizophrenia_PGC_2013	domino_3	29855
Schizophrenia_PGC_2013	domino_3	3077
Schizophrenia_PGC_2013	domino_3	3009
Schizophrenia_PGC_2013	domino_3	8329
Schizophrenia_PGC_2013	domino_3	92815
Schizophrenia_PGC_2013	domino_3	8356
Schizophrenia_PGC_2013	domino_6	8340
Schizophrenia_PGC_2013	domino_6	644186
Schizophrenia_PGC_2013	domino_6	3017
Schizophrenia_PGC_2013	domino_6	8341
Schizophrenia_PGC_2013	domino_6	5089
Schizophrenia_PGC_2013	domino_6	5316
Schizophrenia_PGC_2013	domino_6	474382
Schizophrenia_PGC_2013	domino_6	54815
Schizophrenia_PGC_2013	domino_2	3547
Schizophrenia_PGC_2013	domino_2	3624
Schizophrenia_PGC_2013	domino_2	3097
Schizophrenia_PGC_2013	domino_2	6925
Schizophrenia_PGC_2013	domino_2	84181
Schizophrenia_PGC_2013	domino_2	79585
Schizophrenia_PGC_2013	domino_2	6943
Schizophrenia_PGC_2013	domino_2	51177
Schizophrenia_PGC_2013	domino_2	1460
Schizophrenia_PGC_2013	domino_2	94
Schizophrenia_PGC_2013	domino_2	6929
Schizophrenia_PGC_2013	domino_2	79923
Schizophrenia_PGC_2013	domino_2	4089
Schizophrenia_PGC_2013	domino_8	6733
Schizophrenia_PGC_2013	domino_8	114134
Schizophrenia_PGC_2013	domino_8	57794
Schizophrenia_PGC_2013	domino_8	57819
Schizophrenia_PGC_2013	domino_8	23451
Schizophrenia_PGC_2013	domino_8	286187
Schizophrenia_PGC_2013	domino_7	55626
Schizophrenia_PGC_2013	domino_7	10533
Schizophrenia_PGC_2013	domino_7	9776
Schizophrenia_PGC_2013	domino_7	5565
Schizophrenia_PGC_2013	domino_7	79602
Schizophrenia_PGC_2013	domino_7	10000
Schizophrenia_PGC_2013	domino_7	64223
Schizophrenia_PGC_2013	domino_4	80736
Schizophrenia_PGC_2013	domino_4	60482
Schizophrenia_PGC_2013	domino_4	23301
Schizophrenia_PGC_2013	domino_4	30845
Schizophrenia_PGC_2013	domino_4	9892
Schizophrenia_PGC_2013	domino_4	11252
Schizophrenia_PGC_2013	domino_4	137492
Schizophrenia_PGC_2013	domino_4	9146
Schizophrenia_PGC_2013	domino_4	6572
Schizophrenia_PGC_2013	domino_5	1806
Schizophrenia_PGC_2013	domino_5	151531
Schizophrenia_PGC_2013	domino_5	92140
Schizophrenia_PGC_2013	domino_5	22978
Schizophrenia_PGC_2013	domino_5	4521
Schizophrenia_PGC_2013	domino_5	83594
Schizophrenia_PGC_2013	domino_5	5723
Schizophrenia_PGC_2013	domino_5	63826
Schizophrenia_PGC_2013	domino_5	2618
Schizophrenia_PGC_2013	domino_9	51384
Schizophrenia_PGC_2013	domino_9	89780
Schizophrenia_PGC_2013	domino_9	7473
Schizophrenia_PGC_2013	domino_9	8324
Schizophrenia_PGC_2013	domino_9	5754
Schizophrenia_PGC_2013	domino_10	8087
Schizophrenia_PGC_2013	domino_10	11044
Schizophrenia_PGC_2013	domino_10	2077
Schizophrenia_PGC_2013	domino_10	5595
Schizophrenia_vs_Bipolar_disorder_PGC_2014	domino_2	387893
Schizophrenia_vs_Bipolar_disorder_PGC_2014	domino_2	554313
Schizophrenia_vs_Bipolar_disorder_PGC_2014	domino_2	54904
Schizophrenia_vs_Bipolar_disorder_PGC_2014	domino_2	259282
Schizophrenia_vs_Bipolar_disorder_PGC_2014	domino_2	3006
Schizophrenia_vs_Bipolar_disorder_PGC_2014	domino_2	723790
Schizophrenia_vs_Bipolar_disorder_PGC_2014	domino_2	8329
Schizophrenia_vs_Bipolar_disorder_PGC_2014	domino_2	8969
Schizophrenia_vs_Bipolar_disorder_PGC_2014	domino_2	8347
Schizophrenia_vs_Bipolar_disorder_PGC_2014	domino_2	3008
Schizophrenia_vs_Bipolar_disorder_PGC_2014	domino_2	3009
Schizophrenia_vs_Bipolar_disorder_PGC_2014	domino_2	54799
Schizophrenia_vs_Bipolar_disorder_PGC_2014	domino_2	23264
Schizophrenia_vs_Bipolar_disorder_PGC_2014	domino_2	3077
Schizophrenia_vs_Bipolar_disorder_PGC_2014	domino_2	8363
Schizophrenia_vs_Bipolar_disorder_PGC_2014	domino_2	653604
Schizophrenia_vs_Bipolar_disorder_PGC_2014	domino_2	9682
Schizophrenia_vs_Bipolar_disorder_PGC_2014	domino_2	8356
Schizophrenia_vs_Bipolar_disorder_PGC_2014	domino_2	3010
Schizophrenia_vs_Bipolar_disorder_PGC_2014	domino_2	341567
Schizophrenia_vs_Bipolar_disorder_PGC_2014	domino_2	3024
Schizophrenia_vs_Bipolar_disorder_PGC_2014	domino_2	8364
Schizophrenia_vs_Bipolar_disorder_PGC_2014	domino_2	1616
Schizophrenia_vs_Bipolar_disorder_PGC_2014	domino_2	23476
Schizophrenia_vs_Bipolar_disorder_PGC_2014	domino_2	55167
Schizophrenia_vs_Bipolar_disorder_PGC_2014	domino_2	84148
Schizophrenia_vs_Bipolar_disorder_PGC_2014	domino_2	23523
Schizophrenia_vs_Bipolar_disorder_PGC_2014	domino_2	64769
Schizophrenia_vs_Bipolar_disorder_PGC_2014	domino_1	10990
Schizophrenia_vs_Bipolar_disorder_PGC_2014	domino_1	3135
Schizophrenia_vs_Bipolar_disorder_PGC_2014	domino_1	23547
Schizophrenia_vs_Bipolar_disorder_PGC_2014	domino_1	7726
Schizophrenia_vs_Bipolar_disorder_PGC_2014	domino_1	388646
Schizophrenia_vs_Bipolar_disorder_PGC_2014	domino_1	3119
Schizophrenia_vs_Bipolar_disorder_PGC_2014	domino_1	2923
Schizophrenia_vs_Bipolar_disorder_PGC_2014	domino_1	6892
Schizophrenia_vs_Bipolar_disorder_PGC_2014	domino_1	10475
Schizophrenia_vs_Bipolar_disorder_PGC_2014	domino_1	55016
Schizophrenia_vs_Bipolar_disorder_PGC_2014	domino_1	3127
Schizophrenia_vs_Bipolar_disorder_PGC_2014	domino_1	11126
Schizophrenia_vs_Bipolar_disorder_PGC_2014	domino_1	79168
Schizophrenia_vs_Bipolar_disorder_PGC_2014	domino_1	3122
Schizophrenia_vs_Bipolar_disorder_PGC_2014	domino_1	1519
Schizophrenia_vs_Bipolar_disorder_PGC_2014	domino_1	11006
Schizophrenia_vs_Bipolar_disorder_PGC_2014	domino_1	3134
Schizophrenia_vs_Bipolar_disorder_PGC_2014	domino_1	55080
Schizophrenia_vs_Bipolar_disorder_PGC_2014	domino_1	3106
Schizophrenia_vs_Bipolar_disorder_PGC_2014	domino_1	10665
Schizophrenia_vs_Bipolar_disorder_PGC_2014	domino_1	56244
Schizophrenia_vs_Bipolar_disorder_PGC_2014	domino_1	11074
Schizophrenia_vs_Bipolar_disorder_PGC_2014	domino_1	163351
Schizophrenia_vs_Bipolar_disorder_PGC_2014	domino_1	353514
Schizophrenia_vs_Bipolar_disorder_PGC_2014	domino_1	11025
Schizophrenia_vs_Bipolar_disorder_PGC_2014	domino_1	11024
Schizophrenia_vs_Bipolar_disorder_PGC_2014	domino_1	3123
Schizophrenia_vs_Bipolar_disorder_PGC_2014	domino_1	115653
Schizophrenia_vs_Bipolar_disorder_PGC_2014	domino_1	1510
Schizophrenia_vs_Bipolar_disorder_PGC_2014	domino_1	8722
Schizophrenia_vs_Bipolar_disorder_PGC_2014	domino_1	3105
Schizophrenia_vs_Bipolar_disorder_PGC_2014	domino_1	811
Schizophrenia_vs_Bipolar_disorder_PGC_2014	domino_1	821
Schizophrenia_vs_Bipolar_disorder_PGC_2014	domino_1	3661
Schizophrenia_vs_Bipolar_disorder_PGC_2014	domino_1	26191
Schizophrenia_vs_Bipolar_disorder_PGC_2014	domino_1	10859
Schizophrenia_vs_Bipolar_disorder_PGC_2014	domino_1	3107
Schizophrenia_vs_Bipolar_disorder_PGC_2014	domino_1	3117
Schizophrenia_vs_Bipolar_disorder_PGC_2014	domino_1	6890
Schizophrenia_vs_Bipolar_disorder_PGC_2014	domino_1	3140
Schizophrenia_vs_Bipolar_disorder_PGC_2014	domino_1	11027
Schizophrenia_vs_Bipolar_disorder_PGC_2014	domino_1	22914
Schizophrenia_vs_Bipolar_disorder_PGC_2014	domino_1	4277
Schizophrenia_vs_Bipolar_disorder_PGC_2014	domino_1	8302
Schizophrenia_vs_Bipolar_disorder_PGC_2014	domino_3	56155
Schizophrenia_vs_Bipolar_disorder_PGC_2014	domino_3	8379
Schizophrenia_vs_Bipolar_disorder_PGC_2014	domino_3	23383
Schizophrenia_vs_Bipolar_disorder_PGC_2014	domino_3	157570
Schizophrenia_vs_Bipolar_disorder_PGC_2014	domino_3	54535
Schizophrenia_vs_Bipolar_disorder_PGC_2014	domino_3	126295
Schizophrenia_vs_Bipolar_disorder_PGC_2014	domino_3	5905
Schizophrenia_vs_Bipolar_disorder_PGC_2014	domino_3	378708
Schizophrenia_vs_Bipolar_disorder_PGC_2014	domino_3	80352
Schizophrenia_vs_Bipolar_disorder_PGC_2014	domino_3	6941
Schizophrenia_vs_Bipolar_disorder_PGC_2014	domino_3	5526
Schizophrenia_vs_Bipolar_disorder_PGC_2014	domino_3	79019
Schizophrenia_vs_Bipolar_disorder_PGC_2014	domino_3	6249
Schizophrenia_vs_Bipolar_disorder_PGC_2014	domino_3	10274
Schizophrenia_vs_Bipolar_disorder_PGC_2014	domino_3	401541
Schizophrenia_vs_Bipolar_disorder_PGC_2014	domino_3	9212
Schizophrenia_vs_Bipolar_disorder_PGC_2014	domino_4	5521
Schizophrenia_vs_Bipolar_disorder_PGC_2014	domino_4	57718
Schizophrenia_vs_Bipolar_disorder_PGC_2014	domino_4	8030
Schizophrenia_vs_Bipolar_disorder_PGC_2014	domino_4	5531
Schizophrenia_vs_Bipolar_disorder_PGC_2014	domino_4	26051
Schizophrenia_vs_Bipolar_disorder_PGC_2014	domino_4	5510
Schizophrenia_vs_Bipolar_disorder_PGC_2014	domino_4	170954
Schizophrenia_vs_Bipolar_disorder_PGC_2014	domino_4	5500
Schizophrenia_vs_Bipolar_disorder_PGC_2014	domino_4	25814
Schizophrenia_vs_Bipolar_disorder_PGC_2014	domino_4	6992
Schizophrenia_vs_Bipolar_disorder_PGC_2014	domino_4	5523
Schizophrenia_vs_Bipolar_disorder_PGC_2014	domino_4	5499
Schizophrenia_vs_Bipolar_disorder_PGC_2014	domino_4	79660
Schizophrenia_vs_Bipolar_disorder_PGC_2014	domino_5	7407
Schizophrenia_vs_Bipolar_disorder_PGC_2014	domino_5	123283
Schizophrenia_vs_Bipolar_disorder_PGC_2014	domino_5	80737
Schizophrenia_vs_Bipolar_disorder_PGC_2014	domino_5	57176
Schizophrenia_vs_Bipolar_disorder_PGC_2014	domino_5	124454
Schizophrenia_vs_Bipolar_disorder_PGC_2014	domino_5	80325
Schizophrenia_vs_Bipolar_disorder_PGC_2014	domino_5	54974
Schizophrenia_vs_Bipolar_disorder_PGC_2014	domino_5	3035
Schizophrenia_vs_Bipolar_disorder_PGC_2014	domino_5	80222
Schizophrenia_vs_Bipolar_disorder_PGC_2014	domino_5	57505
Schizophrenia_vs_Bipolar_disorder_PGC_2014	domino_5	23438
Schizophrenia_vs_Bipolar_disorder_PGC_2014	domino_5	55699
Schizophrenia_vs_Bipolar_disorder_PGC_2014	domino_5	9374
Schizophrenia_vs_Bipolar_disorder_PGC_2014	domino_6	5595
Schizophrenia_vs_Bipolar_disorder_PGC_2014	domino_6	283455
Schizophrenia_vs_Bipolar_disorder_PGC_2014	domino_6	8087
Schizophrenia_vs_Bipolar_disorder_PGC_2014	domino_6	4140
Schizophrenia_vs_Bipolar_disorder_PGC_2014	domino_6	2077
Schizophrenia_vs_Bipolar_disorder_PGC_2014	domino_6	9444
Schizophrenia_vs_Bipolar_disorder_PGC_2014	domino_6	54715
Schizophrenia_vs_Bipolar_disorder_PGC_2014	domino_6	3845
Schizophrenia_vs_Bipolar_disorder_PGC_2014	domino_6	8831
Schizophrenia_vs_Bipolar_disorder_PGC_2014	domino_7	92703
Schizophrenia_vs_Bipolar_disorder_PGC_2014	domino_7	7444
Schizophrenia_vs_Bipolar_disorder_PGC_2014	domino_7	221496
Schizophrenia_vs_Bipolar_disorder_PGC_2014	domino_7	55362
Schizophrenia_vs_Bipolar_disorder_PGC_2014	domino_7	51780
Schizophrenia_vs_Bipolar_disorder_PGC_2014	domino_7	6601
Schizophrenia_vs_Bipolar_disorder_PGC_2014	domino_7	8815
Schizophrenia_vs_Bipolar_disorder_PGC_2014	domino_7	55193
Schizophrenia_vs_Bipolar_disorder_PGC_2014	domino_9	151011
Schizophrenia_vs_Bipolar_disorder_PGC_2014	domino_9	346288
Schizophrenia_vs_Bipolar_disorder_PGC_2014	domino_9	55964
Schizophrenia_vs_Bipolar_disorder_PGC_2014	domino_10	9509
Schizophrenia_vs_Bipolar_disorder_PGC_2014	domino_10	339366
Schizophrenia_vs_Bipolar_disorder_PGC_2014	domino_10	57188
Schizophrenia_vs_Bipolar_disorder_PGC_2014	domino_8	3700
Schizophrenia_vs_Bipolar_disorder_PGC_2014	domino_8	55664
Schizophrenia_vs_Bipolar_disorder_PGC_2014	domino_8	30816
Schizophrenia_vs_Bipolar_disorder_PGC_2014	domino_8	3699
Skin_fluorescence_NA_2014	domino_1	1740
Skin_fluorescence_NA_2014	domino_1	93643
Skin_fluorescence_NA_2014	domino_1	26050
Skin_fluorescence_NA_2014	domino_1	5789
Skin_fluorescence_NA_2014	domino_1	9369
Skin_fluorescence_NA_2014	domino_1	347730
Skin_fluorescence_NA_2014	domino_1	139065
Skin_fluorescence_NA_2014	domino_1	22865
Skin_fluorescence_NA_2014	domino_1	84631
Skin_fluorescence_NA_2014	domino_1	26047
Skin_fluorescence_NA_2014	domino_1	22941
Skin_fluorescence_NA_2014	domino_1	58512
Skin_fluorescence_NA_2014	domino_1	22871
Skin_fluorescence_NA_2014	domino_1	9722
Skin_fluorescence_NA_2014	domino_1	6853
Skin_fluorescence_NA_2014	domino_1	320
Skin_fluorescence_NA_2014	domino_1	323
Skin_fluorescence_NA_2014	domino_1	40
Skin_fluorescence_NA_2014	domino_1	1742
Skin_fluorescence_NA_2014	domino_1	491
Skin_fluorescence_NA_2014	domino_1	801
Skin_fluorescence_NA_2014	domino_1	5593
Skin_fluorescence_NA_2014	domino_1	114798
Skin_fluorescence_NA_2014	domino_1	778
Skin_fluorescence_NA_2014	domino_1	55799
Skin_fluorescence_NA_2014	domino_1	2905
Skin_fluorescence_NA_2014	domino_5	5793
Skin_fluorescence_NA_2014	domino_5	152330
Skin_fluorescence_NA_2014	domino_5	50863
Skin_fluorescence_NA_2014	domino_5	646627
Skin_fluorescence_NA_2014	domino_5	4978
Skin_fluorescence_NA_2014	domino_5	4045
Skin_fluorescence_NA_2014	domino_4	29119
Skin_fluorescence_NA_2014	domino_4	7082
Skin_fluorescence_NA_2014	domino_4	1012
Skin_fluorescence_NA_2014	domino_4	64403
Skin_fluorescence_NA_2014	domino_4	1496
Skin_fluorescence_NA_2014	domino_4	1002
Skin_fluorescence_NA_2014	domino_4	1501
Skin_fluorescence_NA_2014	domino_4	1499
Skin_fluorescence_NA_2014	domino_2	260425
Skin_fluorescence_NA_2014	domino_2	9863
Skin_fluorescence_NA_2014	domino_2	9693
Skin_fluorescence_NA_2014	domino_2	9223
Skin_fluorescence_NA_2014	domino_2	51735
Skin_fluorescence_NA_2014	domino_2	9444
Skin_fluorescence_NA_2014	domino_2	54715
Skin_fluorescence_NA_2014	domino_2	283455
Skin_fluorescence_NA_2014	domino_2	4893
Skin_fluorescence_NA_2014	domino_3	7399
Skin_fluorescence_NA_2014	domino_3	124590
Skin_fluorescence_NA_2014	domino_3	6586
Skin_fluorescence_NA_2014	domino_3	9353
Skin_fluorescence_NA_2014	domino_3	65217
Skin_fluorescence_NA_2014	domino_3	6092
Skin_fluorescence_NA_2014	domino_3	23284
Skin_fluorescence_NA_2014	domino_3	25861
Skin_fluorescence_NA_2014	domino_3	57689
Skin_fluorescence_NA_2014	domino_7	1289
Skin_fluorescence_NA_2014	domino_7	84627
Skin_fluorescence_NA_2014	domino_7	4016
Skin_fluorescence_NA_2014	domino_7	7093
Skin_fluorescence_NA_2014	domino_6	9220
Skin_fluorescence_NA_2014	domino_6	51741
Skin_fluorescence_NA_2014	domino_6	22875
Skin_fluorescence_NA_2014	domino_6	2272
Skin_fluorescence_NA_2014	domino_6	7157
Type_1_Diabetes_NA_2009	domino_1	10665
Type_1_Diabetes_NA_2009	domino_1	56244
Type_1_Diabetes_NA_2009	domino_1	3115
Type_1_Diabetes_NA_2009	domino_1	388646
Type_1_Diabetes_NA_2009	domino_1	1514
Type_1_Diabetes_NA_2009	domino_1	3122
Type_1_Diabetes_NA_2009	domino_1	80380
Type_1_Diabetes_NA_2009	domino_1	11074
Type_1_Diabetes_NA_2009	domino_1	163351
Type_1_Diabetes_NA_2009	domino_1	3106
Type_1_Diabetes_NA_2009	domino_1	353514
Type_1_Diabetes_NA_2009	domino_1	29126
Type_1_Diabetes_NA_2009	domino_1	3120
Type_1_Diabetes_NA_2009	domino_1	26191
Type_1_Diabetes_NA_2009	domino_1	3127
Type_1_Diabetes_NA_2009	domino_1	1510
Type_1_Diabetes_NA_2009	domino_1	2923
Type_1_Diabetes_NA_2009	domino_1	6892
Type_1_Diabetes_NA_2009	domino_1	11126
Type_1_Diabetes_NA_2009	domino_1	3134
Type_1_Diabetes_NA_2009	domino_1	3113
Type_1_Diabetes_NA_2009	domino_1	4277
Type_1_Diabetes_NA_2009	domino_1	100507436
Type_1_Diabetes_NA_2009	domino_1	821
Type_1_Diabetes_NA_2009	domino_1	10666
Type_1_Diabetes_NA_2009	domino_1	972
Type_1_Diabetes_NA_2009	domino_1	3117
Type_1_Diabetes_NA_2009	domino_1	115361
Type_1_Diabetes_NA_2009	domino_1	3119
Type_1_Diabetes_NA_2009	domino_1	1508
Type_1_Diabetes_NA_2009	domino_1	3902
Type_1_Diabetes_NA_2009	domino_1	1513
Type_1_Diabetes_NA_2009	domino_1	55016
Type_1_Diabetes_NA_2009	domino_1	5641
Type_1_Diabetes_NA_2009	domino_1	3118
Type_1_Diabetes_NA_2009	domino_1	8722
Type_1_Diabetes_NA_2009	domino_1	1515
Type_1_Diabetes_NA_2009	domino_1	811
Type_1_Diabetes_NA_2009	domino_1	6890
Type_1_Diabetes_NA_2009	domino_1	1519
Type_1_Diabetes_NA_2009	domino_1	3107
Type_1_Diabetes_NA_2009	domino_1	7726
Type_1_Diabetes_NA_2009	domino_1	10437
Type_1_Diabetes_NA_2009	domino_1	80329
Type_1_Diabetes_NA_2009	domino_1	5133
Type_1_Diabetes_NA_2009	domino_1	3140
Type_1_Diabetes_NA_2009	domino_1	55080
Type_1_Diabetes_NA_2009	domino_1	3123
Type_1_Diabetes_NA_2009	domino_1	85363
Type_1_Diabetes_NA_2009	domino_1	3821
Type_1_Diabetes_NA_2009	domino_2	3009
Type_1_Diabetes_NA_2009	domino_2	723790
Type_1_Diabetes_NA_2009	domino_2	8351
Type_1_Diabetes_NA_2009	domino_2	3007
Type_1_Diabetes_NA_2009	domino_2	25842
Type_1_Diabetes_NA_2009	domino_2	8356
Type_1_Diabetes_NA_2009	domino_2	653604
Type_1_Diabetes_NA_2009	domino_2	1616
Type_1_Diabetes_NA_2009	domino_2	112869
Type_1_Diabetes_NA_2009	domino_2	10943
Type_1_Diabetes_NA_2009	domino_4	3111
Type_1_Diabetes_NA_2009	domino_4	285643
Type_1_Diabetes_NA_2009	domino_4	3108
Type_1_Diabetes_NA_2009	domino_4	3112
Type_1_Diabetes_NA_2009	domino_4	3109
Type_1_Diabetes_NA_2009	domino_4	3833
Type_1_Diabetes_NA_2009	domino_6	7916
Type_1_Diabetes_NA_2009	domino_6	221527
Type_1_Diabetes_NA_2009	domino_6	7920
Type_1_Diabetes_NA_2009	domino_6	7918
Type_1_Diabetes_NA_2009	domino_6	7940
Type_1_Diabetes_NA_2009	domino_3	51460
Type_1_Diabetes_NA_2009	domino_3	5698
Type_1_Diabetes_NA_2009	domino_3	5696
Type_1_Diabetes_NA_2009	domino_3	339745
Type_1_Diabetes_NA_2009	domino_3	51162
Type_1_Diabetes_NA_2009	domino_3	4855
Type_1_Diabetes_NA_2009	domino_3	4049
Type_1_Diabetes_NA_2009	domino_3	143471
Type_1_Diabetes_NA_2009	domino_3	10213
Type_1_Diabetes_NA_2009	domino_8	1041
Type_1_Diabetes_NA_2009	domino_8	170679
Type_1_Diabetes_NA_2009	domino_8	5493
Type_1_Diabetes_NA_2009	domino_8	696
Type_1_Diabetes_NA_2009	domino_7	6499
Type_1_Diabetes_NA_2009	domino_7	10693
Type_1_Diabetes_NA_2009	domino_7	8859
Type_1_Diabetes_NA_2009	domino_7	169166
Type_1_Diabetes_NA_2009	domino_7	10471
Type_1_Diabetes_NA_2009	domino_10	170954
Type_1_Diabetes_NA_2009	domino_10	5499
Type_1_Diabetes_NA_2009	domino_10	6992
Type_1_Diabetes_NA_2009	domino_9	629
Type_1_Diabetes_NA_2009	domino_9	387715
Type_1_Diabetes_NA_2009	domino_9	3004
Type_1_Diabetes_NA_2009	domino_9	717
Type_1_Diabetes_NA_2009	domino_5	3481
Type_1_Diabetes_NA_2009	domino_5	100381270
Type_1_Diabetes_NA_2009	domino_5	3485
Type_1_Diabetes_NA_2009	domino_5	79969
Type_1_Diabetes_NA_2009	domino_5	7450
Type_2_Diabetes_NA_2019	domino_1	4990
Type_2_Diabetes_NA_2019	domino_1	5080
Type_2_Diabetes_NA_2019	domino_1	26053
Type_2_Diabetes_NA_2019	domino_1	84333
Type_2_Diabetes_NA_2019	domino_1	8099
Type_2_Diabetes_NA_2019	domino_1	54815
Type_2_Diabetes_NA_2019	domino_1	25942
Type_2_Diabetes_NA_2019	domino_1	100316904
Type_2_Diabetes_NA_2019	domino_1	140688
Type_2_Diabetes_NA_2019	domino_1	1487
Type_2_Diabetes_NA_2019	domino_1	10363
Type_2_Diabetes_NA_2019	domino_1	9678
Type_2_Diabetes_NA_2019	domino_1	253461
Type_2_Diabetes_NA_2019	domino_1	6934
Type_2_Diabetes_NA_2019	domino_1	474382
Type_2_Diabetes_NA_2019	domino_1	8462
Type_2_Diabetes_NA_2019	domino_1	55209
Type_2_Diabetes_NA_2019	domino_1	58508
Type_2_Diabetes_NA_2019	domino_1	58516
Type_2_Diabetes_NA_2019	domino_1	80012
Type_2_Diabetes_NA_2019	domino_1	2145
Type_2_Diabetes_NA_2019	domino_1	57649
Type_2_Diabetes_NA_2019	domino_1	51317
Type_2_Diabetes_NA_2019	domino_1	9070
Type_2_Diabetes_NA_2019	domino_1	4211
Type_2_Diabetes_NA_2019	domino_1	5089
Type_2_Diabetes_NA_2019	domino_4	169026
Type_2_Diabetes_NA_2019	domino_4	221895
Type_2_Diabetes_NA_2019	domino_4	3087
Type_2_Diabetes_NA_2019	domino_4	63892
Type_2_Diabetes_NA_2019	domino_4	10644
Type_2_Diabetes_NA_2019	domino_4	54901
Type_2_Diabetes_NA_2019	domino_4	8872
Type_2_Diabetes_NA_2019	domino_4	7103
Type_2_Diabetes_NA_2019	domino_4	55676
Type_2_Diabetes_NA_2019	domino_4	57181
Type_2_Diabetes_NA_2019	domino_2	2888
Type_2_Diabetes_NA_2019	domino_2	6446
Type_2_Diabetes_NA_2019	domino_2	107282092
Type_2_Diabetes_NA_2019	domino_2	57521
Type_2_Diabetes_NA_2019	domino_2	11152
Type_2_Diabetes_NA_2019	domino_2	55102
Type_2_Diabetes_NA_2019	domino_2	10241
Type_2_Diabetes_NA_2019	domino_2	3964
Type_2_Diabetes_NA_2019	domino_2	6945
Type_2_Diabetes_NA_2019	domino_2	4335
Type_2_Diabetes_NA_2019	domino_2	55561
Type_2_Diabetes_NA_2019	domino_2	23130
Type_2_Diabetes_NA_2019	domino_2	23180
Type_2_Diabetes_NA_2019	domino_2	23035
Type_2_Diabetes_NA_2019	domino_2	10000
Type_2_Diabetes_NA_2019	domino_2	29982
Type_2_Diabetes_NA_2019	domino_2	5289
Type_2_Diabetes_NA_2019	domino_2	51085
Type_2_Diabetes_NA_2019	domino_2	8678
Type_2_Diabetes_NA_2019	domino_2	9474
Type_2_Diabetes_NA_2019	domino_2	5571
Type_2_Diabetes_NA_2019	domino_6	1031
Type_2_Diabetes_NA_2019	domino_6	1030
Type_2_Diabetes_NA_2019	domino_6	1871
Type_2_Diabetes_NA_2019	domino_6	8900
Type_2_Diabetes_NA_2019	domino_6	1026
Type_2_Diabetes_NA_2019	domino_6	463
Type_2_Diabetes_NA_2019	domino_6	595
Type_2_Diabetes_NA_2019	domino_6	1029
Type_2_Diabetes_NA_2019	domino_6	1028
Type_2_Diabetes_NA_2019	domino_5	6941
Type_2_Diabetes_NA_2019	domino_5	259266
Type_2_Diabetes_NA_2019	domino_5	126295
Type_2_Diabetes_NA_2019	domino_5	54535
Type_2_Diabetes_NA_2019	domino_5	9055
Type_2_Diabetes_NA_2019	domino_5	23383
Type_2_Diabetes_NA_2019	domino_5	23063
Type_2_Diabetes_NA_2019	domino_5	80352
Type_2_Diabetes_NA_2019	domino_5	5526
Type_2_Diabetes_NA_2019	domino_5	79019
Type_2_Diabetes_NA_2019	domino_10	59343
Type_2_Diabetes_NA_2019	domino_10	7341
Type_2_Diabetes_NA_2019	domino_10	55206
Type_2_Diabetes_NA_2019	domino_10	55183
Type_2_Diabetes_NA_2019	domino_10	6613
Type_2_Diabetes_NA_2019	domino_10	165918
Type_2_Diabetes_NA_2019	domino_9	2775
Type_2_Diabetes_NA_2019	domino_9	122042
Type_2_Diabetes_NA_2019	domino_9	2695
Type_2_Diabetes_NA_2019	domino_9	170589
Type_2_Diabetes_NA_2019	domino_9	2696
Type_2_Diabetes_NA_2019	domino_9	134860
Type_2_Diabetes_NA_2019	domino_9	2740
Type_2_Diabetes_NA_2019	domino_3	60495
Type_2_Diabetes_NA_2019	domino_3	375790
Type_2_Diabetes_NA_2019	domino_3	26507
Type_2_Diabetes_NA_2019	domino_3	55790
Type_2_Diabetes_NA_2019	domino_3	337876
Type_2_Diabetes_NA_2019	domino_3	633
Type_2_Diabetes_NA_2019	domino_3	7148
Type_2_Diabetes_NA_2019	domino_3	6385
Type_2_Diabetes_NA_2019	domino_3	8840
Type_2_Diabetes_NA_2019	domino_3	22862
Type_2_Diabetes_NA_2019	domino_3	1382
Type_2_Diabetes_NA_2019	domino_3	26504
Type_2_Diabetes_NA_2019	domino_3	113189
Type_2_Diabetes_NA_2019	domino_3	55454
Type_2_Diabetes_NA_2019	domino_3	26505
Type_2_Diabetes_NA_2019	domino_11	27044
Type_2_Diabetes_NA_2019	domino_11	283455
Type_2_Diabetes_NA_2019	domino_11	673
Type_2_Diabetes_NA_2019	domino_11	10125
Type_2_Diabetes_NA_2019	domino_11	5908
Type_2_Diabetes_NA_2019	domino_7	54976
Type_2_Diabetes_NA_2019	domino_7	1762
Type_2_Diabetes_NA_2019	domino_7	64854
Type_2_Diabetes_NA_2019	domino_7	367
Type_2_Diabetes_NA_2019	domino_7	57178
Type_2_Diabetes_NA_2019	domino_7	55898
Type_2_Diabetes_NA_2019	domino_7	5241
Type_2_Diabetes_NA_2019	domino_7	219333
Type_2_Diabetes_NA_2019	domino_8	113026
Type_2_Diabetes_NA_2019	domino_8	253430
Type_2_Diabetes_NA_2019	domino_8	23139
Type_2_Diabetes_NA_2019	domino_8	5728
Type_2_Diabetes_NA_2019	domino_8	80243
Type_2_Diabetes_NA_2019	domino_8	22983
Type_2_Diabetes_NA_2019	domino_8	219621
Type_2_Diabetes_NA_2019	domino_8	56623
Ulcerative_Colitis_IBDgenetics_2015	domino_1	1510
Ulcerative_Colitis_IBDgenetics_2015	domino_1	3127
Ulcerative_Colitis_IBDgenetics_2015	domino_1	3106
Ulcerative_Colitis_IBDgenetics_2015	domino_1	388646
Ulcerative_Colitis_IBDgenetics_2015	domino_1	3122
Ulcerative_Colitis_IBDgenetics_2015	domino_1	3115
Ulcerative_Colitis_IBDgenetics_2015	domino_1	8722
Ulcerative_Colitis_IBDgenetics_2015	domino_1	1508
Ulcerative_Colitis_IBDgenetics_2015	domino_1	80380
Ulcerative_Colitis_IBDgenetics_2015	domino_1	29126
Ulcerative_Colitis_IBDgenetics_2015	domino_1	10665
Ulcerative_Colitis_IBDgenetics_2015	domino_1	56244
Ulcerative_Colitis_IBDgenetics_2015	domino_1	3117
Ulcerative_Colitis_IBDgenetics_2015	domino_1	3902
Ulcerative_Colitis_IBDgenetics_2015	domino_1	972
Ulcerative_Colitis_IBDgenetics_2015	domino_1	1519
Ulcerative_Colitis_IBDgenetics_2015	domino_1	1514
Ulcerative_Colitis_IBDgenetics_2015	domino_1	3123
Ulcerative_Colitis_IBDgenetics_2015	domino_1	4277
Ulcerative_Colitis_IBDgenetics_2015	domino_1	100507436
Ulcerative_Colitis_IBDgenetics_2015	domino_1	1515
Ulcerative_Colitis_IBDgenetics_2015	domino_1	3663
Ulcerative_Colitis_IBDgenetics_2015	domino_1	151888
Ulcerative_Colitis_IBDgenetics_2015	domino_1	55016
Ulcerative_Colitis_IBDgenetics_2015	domino_1	3118
Ulcerative_Colitis_IBDgenetics_2015	domino_1	163351
Ulcerative_Colitis_IBDgenetics_2015	domino_1	3119
Ulcerative_Colitis_IBDgenetics_2015	domino_1	51447
Ulcerative_Colitis_IBDgenetics_2015	domino_1	4938
Ulcerative_Colitis_IBDgenetics_2015	domino_1	1513
Ulcerative_Colitis_IBDgenetics_2015	domino_1	55080
Ulcerative_Colitis_IBDgenetics_2015	domino_1	5641
Ulcerative_Colitis_IBDgenetics_2015	domino_1	5133
Ulcerative_Colitis_IBDgenetics_2015	domino_1	26191
Ulcerative_Colitis_IBDgenetics_2015	domino_1	259197
Ulcerative_Colitis_IBDgenetics_2015	domino_1	3133
Ulcerative_Colitis_IBDgenetics_2015	domino_3	177
Ulcerative_Colitis_IBDgenetics_2015	domino_3	7099
Ulcerative_Colitis_IBDgenetics_2015	domino_3	56928
Ulcerative_Colitis_IBDgenetics_2015	domino_3	7124
Ulcerative_Colitis_IBDgenetics_2015	domino_3	64170
Ulcerative_Colitis_IBDgenetics_2015	domino_3	64581
Ulcerative_Colitis_IBDgenetics_2015	domino_3	8771
Ulcerative_Colitis_IBDgenetics_2015	domino_3	9966
Ulcerative_Colitis_IBDgenetics_2015	domino_3	7375
Ulcerative_Colitis_IBDgenetics_2015	domino_3	257397
Ulcerative_Colitis_IBDgenetics_2015	domino_3	25816
Ulcerative_Colitis_IBDgenetics_2015	domino_3	84888
Ulcerative_Colitis_IBDgenetics_2015	domino_3	356
Ulcerative_Colitis_IBDgenetics_2015	domino_3	8764
Ulcerative_Colitis_IBDgenetics_2015	domino_3	8837
Ulcerative_Colitis_IBDgenetics_2015	domino_5	4050
Ulcerative_Colitis_IBDgenetics_2015	domino_5	143471
Ulcerative_Colitis_IBDgenetics_2015	domino_5	51460
Ulcerative_Colitis_IBDgenetics_2015	domino_5	5698
Ulcerative_Colitis_IBDgenetics_2015	domino_5	5966
Ulcerative_Colitis_IBDgenetics_2015	domino_5	51162
Ulcerative_Colitis_IBDgenetics_2015	domino_5	4855
Ulcerative_Colitis_IBDgenetics_2015	domino_5	84807
Ulcerative_Colitis_IBDgenetics_2015	domino_5	4049
Ulcerative_Colitis_IBDgenetics_2015	domino_5	51684
Ulcerative_Colitis_IBDgenetics_2015	domino_5	10197
Ulcerative_Colitis_IBDgenetics_2015	domino_7	3112
Ulcerative_Colitis_IBDgenetics_2015	domino_7	285643
Ulcerative_Colitis_IBDgenetics_2015	domino_7	23046
Ulcerative_Colitis_IBDgenetics_2015	domino_7	9919
Ulcerative_Colitis_IBDgenetics_2015	domino_7	9104
Ulcerative_Colitis_IBDgenetics_2015	domino_7	3108
Ulcerative_Colitis_IBDgenetics_2015	domino_7	93661
Ulcerative_Colitis_IBDgenetics_2015	domino_7	3798
Ulcerative_Colitis_IBDgenetics_2015	domino_7	10972
Ulcerative_Colitis_IBDgenetics_2015	domino_2	149233
Ulcerative_Colitis_IBDgenetics_2015	domino_2	112744
Ulcerative_Colitis_IBDgenetics_2015	domino_2	55876
Ulcerative_Colitis_IBDgenetics_2015	domino_2	124626
Ulcerative_Colitis_IBDgenetics_2015	domino_2	3595
Ulcerative_Colitis_IBDgenetics_2015	domino_2	50616
Ulcerative_Colitis_IBDgenetics_2015	domino_2	80381
Ulcerative_Colitis_IBDgenetics_2015	domino_2	3586
Ulcerative_Colitis_IBDgenetics_2015	domino_2	51267
Ulcerative_Colitis_IBDgenetics_2015	domino_2	9077
Ulcerative_Colitis_IBDgenetics_2015	domino_2	6774
Ulcerative_Colitis_IBDgenetics_2015	domino_2	56169
Ulcerative_Colitis_IBDgenetics_2015	domino_2	3717
Ulcerative_Colitis_IBDgenetics_2015	domino_2	122809
Ulcerative_Colitis_IBDgenetics_2015	domino_2	11122
Ulcerative_Colitis_IBDgenetics_2015	domino_2	22806
Ulcerative_Colitis_IBDgenetics_2015	domino_2	85480
Ulcerative_Colitis_IBDgenetics_2015	domino_2	3718
Ulcerative_Colitis_IBDgenetics_2015	domino_4	85479
Ulcerative_Colitis_IBDgenetics_2015	domino_4	3310
Ulcerative_Colitis_IBDgenetics_2015	domino_4	150353
Ulcerative_Colitis_IBDgenetics_2015	domino_4	3304
Ulcerative_Colitis_IBDgenetics_2015	domino_4	100101267
Ulcerative_Colitis_IBDgenetics_2015	domino_4	3303
Ulcerative_Colitis_IBDgenetics_2015	domino_4	165721
Ulcerative_Colitis_IBDgenetics_2015	domino_4	3305
Ulcerative_Colitis_IBDgenetics_2015	domino_4	374407
Ulcerative_Colitis_IBDgenetics_2015	domino_4	3300
Ulcerative_Colitis_IBDgenetics_2015	domino_4	23279
Ulcerative_Colitis_IBDgenetics_2015	domino_4	23534
Ulcerative_Colitis_IBDgenetics_2015	domino_10	3683
Ulcerative_Colitis_IBDgenetics_2015	domino_10	441864
Ulcerative_Colitis_IBDgenetics_2015	domino_10	64114
Ulcerative_Colitis_IBDgenetics_2015	domino_10	401258
Ulcerative_Colitis_IBDgenetics_2015	domino_10	94103
Ulcerative_Colitis_IBDgenetics_2015	domino_8	55515
Ulcerative_Colitis_IBDgenetics_2015	domino_8	25953
Ulcerative_Colitis_IBDgenetics_2015	domino_8	10223
Ulcerative_Colitis_IBDgenetics_2015	domino_8	1041
Ulcerative_Colitis_IBDgenetics_2015	domino_8	170679
Ulcerative_Colitis_IBDgenetics_2015	domino_8	5493
Ulcerative_Colitis_IBDgenetics_2015	domino_6	9374
Ulcerative_Colitis_IBDgenetics_2015	domino_6	54938
Ulcerative_Colitis_IBDgenetics_2015	domino_6	57455
Ulcerative_Colitis_IBDgenetics_2015	domino_6	25996
Ulcerative_Colitis_IBDgenetics_2015	domino_6	81691
Ulcerative_Colitis_IBDgenetics_2015	domino_6	80737
Ulcerative_Colitis_IBDgenetics_2015	domino_6	7407
Ulcerative_Colitis_IBDgenetics_2015	domino_6	80325
Ulcerative_Colitis_IBDgenetics_2015	domino_6	6742
Ulcerative_Colitis_IBDgenetics_2015	domino_6	11232
Ulcerative_Colitis_IBDgenetics_2015	domino_11	150962
Ulcerative_Colitis_IBDgenetics_2015	domino_11	54942
Ulcerative_Colitis_IBDgenetics_2015	domino_11	5190
Ulcerative_Colitis_IBDgenetics_2015	domino_11	5194
Ulcerative_Colitis_IBDgenetics_2015	domino_12	169166
Ulcerative_Colitis_IBDgenetics_2015	domino_12	8859
Ulcerative_Colitis_IBDgenetics_2015	domino_12	6499
Ulcerative_Colitis_IBDgenetics_2015	domino_12	6950
Ulcerative_Colitis_IBDgenetics_2015	domino_13	717
Ulcerative_Colitis_IBDgenetics_2015	domino_13	387715
Ulcerative_Colitis_IBDgenetics_2015	domino_13	629
Ulcerative_Colitis_IBDgenetics_2015	domino_13	3004
Ulcerative_Colitis_IBDgenetics_2015	domino_14	3706
Ulcerative_Colitis_IBDgenetics_2015	domino_14	9807
Ulcerative_Colitis_IBDgenetics_2015	domino_14	56623
Ulcerative_Colitis_IBDgenetics_2015	domino_14	5728
Ulcerative_Colitis_IBDgenetics_2015	domino_9	7916
Ulcerative_Colitis_IBDgenetics_2015	domino_9	7918
Ulcerative_Colitis_IBDgenetics_2015	domino_9	7920
Ulcerative_Colitis_IBDgenetics_2015	domino_9	7940
Ulcerative_Colitis_IBDgenetics_2015	domino_9	221527
Ulcerative_colitis_NA_2017	domino_1	821
Ulcerative_colitis_NA_2017	domino_1	3127
Ulcerative_colitis_NA_2017	domino_1	3119
Ulcerative_colitis_NA_2017	domino_1	388646
Ulcerative_colitis_NA_2017	domino_1	3140
Ulcerative_colitis_NA_2017	domino_1	3107
Ulcerative_colitis_NA_2017	domino_1	3106
Ulcerative_colitis_NA_2017	domino_1	3113
Ulcerative_colitis_NA_2017	domino_1	8722
Ulcerative_colitis_NA_2017	domino_1	3105
Ulcerative_colitis_NA_2017	domino_1	151888
Ulcerative_colitis_NA_2017	domino_1	29126
Ulcerative_colitis_NA_2017	domino_1	3123
Ulcerative_colitis_NA_2017	domino_1	3902
Ulcerative_colitis_NA_2017	domino_1	55016
Ulcerative_colitis_NA_2017	domino_1	3663
Ulcerative_colitis_NA_2017	domino_1	3115
Ulcerative_colitis_NA_2017	domino_1	26191
Ulcerative_colitis_NA_2017	domino_1	5641
Ulcerative_colitis_NA_2017	domino_1	56244
Ulcerative_colitis_NA_2017	domino_1	10665
Ulcerative_colitis_NA_2017	domino_1	3120
Ulcerative_colitis_NA_2017	domino_1	3122
Ulcerative_colitis_NA_2017	domino_1	51447
Ulcerative_colitis_NA_2017	domino_1	25939
Ulcerative_colitis_NA_2017	domino_1	1514
Ulcerative_colitis_NA_2017	domino_1	972
Ulcerative_colitis_NA_2017	domino_1	3118
Ulcerative_colitis_NA_2017	domino_1	3117
Ulcerative_colitis_NA_2017	domino_1	117854
Ulcerative_colitis_NA_2017	domino_1	1508
Ulcerative_colitis_NA_2017	domino_1	55080
Ulcerative_colitis_NA_2017	domino_1	1513
Ulcerative_colitis_NA_2017	domino_1	1510
Ulcerative_colitis_NA_2017	domino_1	1519
Ulcerative_colitis_NA_2017	domino_1	259197
Ulcerative_colitis_NA_2017	domino_1	100507436
Ulcerative_colitis_NA_2017	domino_1	80380
Ulcerative_colitis_NA_2017	domino_1	1515
Ulcerative_colitis_NA_2017	domino_1	5133
Ulcerative_colitis_NA_2017	domino_1	4277
Ulcerative_colitis_NA_2017	domino_1	11126
Ulcerative_colitis_NA_2017	domino_1	81603
Ulcerative_colitis_NA_2017	domino_1	3802
Ulcerative_colitis_NA_2017	domino_2	10758
Ulcerative_colitis_NA_2017	domino_2	84818
Ulcerative_colitis_NA_2017	domino_2	149233
Ulcerative_colitis_NA_2017	domino_2	112744
Ulcerative_colitis_NA_2017	domino_2	11122
Ulcerative_colitis_NA_2017	domino_2	6774
Ulcerative_colitis_NA_2017	domino_2	10538
Ulcerative_colitis_NA_2017	domino_2	9034
Ulcerative_colitis_NA_2017	domino_2	246778
Ulcerative_colitis_NA_2017	domino_2	10148
Ulcerative_colitis_NA_2017	domino_2	1440
Ulcerative_colitis_NA_2017	domino_2	9180
Ulcerative_colitis_NA_2017	domino_2	3593
Ulcerative_colitis_NA_2017	domino_2	51561
Ulcerative_colitis_NA_2017	domino_2	51267
Ulcerative_colitis_NA_2017	domino_2	3586
Ulcerative_colitis_NA_2017	domino_2	80381
Ulcerative_colitis_NA_2017	domino_2	5771
Ulcerative_colitis_NA_2017	domino_2	6778
Ulcerative_colitis_NA_2017	domino_2	9077
Ulcerative_colitis_NA_2017	domino_2	56169
Ulcerative_colitis_NA_2017	domino_2	55876
Ulcerative_colitis_NA_2017	domino_2	54014
Ulcerative_colitis_NA_2017	domino_2	6777
Ulcerative_colitis_NA_2017	domino_2	3595
Ulcerative_colitis_NA_2017	domino_2	30009
Ulcerative_colitis_NA_2017	domino_2	124626
Ulcerative_colitis_NA_2017	domino_2	3558
Ulcerative_colitis_NA_2017	domino_2	64109
Ulcerative_colitis_NA_2017	domino_2	639
Ulcerative_colitis_NA_2017	domino_2	6776
Ulcerative_colitis_NA_2017	domino_2	163702
Ulcerative_colitis_NA_2017	domino_2	50943
Ulcerative_colitis_NA_2017	domino_2	3717
Ulcerative_colitis_NA_2017	domino_2	22806
Ulcerative_colitis_NA_2017	domino_2	282618
Ulcerative_colitis_NA_2017	domino_2	3569
Ulcerative_colitis_NA_2017	domino_3	8771
Ulcerative_colitis_NA_2017	domino_3	9966
Ulcerative_colitis_NA_2017	domino_3	9173
Ulcerative_colitis_NA_2017	domino_3	90865
Ulcerative_colitis_NA_2017	domino_3	7375
Ulcerative_colitis_NA_2017	domino_3	257397
Ulcerative_colitis_NA_2017	domino_3	177
Ulcerative_colitis_NA_2017	domino_3	7099
Ulcerative_colitis_NA_2017	domino_3	56928
Ulcerative_colitis_NA_2017	domino_3	7124
Ulcerative_colitis_NA_2017	domino_3	64170
Ulcerative_colitis_NA_2017	domino_3	64581
Ulcerative_colitis_NA_2017	domino_3	25816
Ulcerative_colitis_NA_2017	domino_3	84888
Ulcerative_colitis_NA_2017	domino_3	8718
Ulcerative_colitis_NA_2017	domino_3	8764
Ulcerative_colitis_NA_2017	domino_3	7186
Ulcerative_colitis_NA_2017	domino_3	1326
Ulcerative_colitis_NA_2017	domino_3	9448
Ulcerative_colitis_NA_2017	domino_3	8772
Ulcerative_colitis_NA_2017	domino_4	4855
Ulcerative_colitis_NA_2017	domino_4	51162
Ulcerative_colitis_NA_2017	domino_4	4050
Ulcerative_colitis_NA_2017	domino_4	143471
Ulcerative_colitis_NA_2017	domino_4	4049
Ulcerative_colitis_NA_2017	domino_4	4792
Ulcerative_colitis_NA_2017	domino_4	10197
Ulcerative_colitis_NA_2017	domino_4	134510
Ulcerative_colitis_NA_2017	domino_4	11047
Ulcerative_colitis_NA_2017	domino_4	84807
Ulcerative_colitis_NA_2017	domino_4	5966
Ulcerative_colitis_NA_2017	domino_4	10213
Ulcerative_colitis_NA_2017	domino_4	5709
Ulcerative_colitis_NA_2017	domino_6	2550
Ulcerative_colitis_NA_2017	domino_6	729230
Ulcerative_colitis_NA_2017	domino_6	6374
Ulcerative_colitis_NA_2017	domino_6	26086
Ulcerative_colitis_NA_2017	domino_6	3579
Ulcerative_colitis_NA_2017	domino_6	4987
Ulcerative_colitis_NA_2017	domino_6	152789
Ulcerative_colitis_NA_2017	domino_6	165829
Ulcerative_colitis_NA_2017	domino_6	63940
Ulcerative_colitis_NA_2017	domino_7	10043
Ulcerative_colitis_NA_2017	domino_7	441864
Ulcerative_colitis_NA_2017	domino_7	3683
Ulcerative_colitis_NA_2017	domino_7	5906
Ulcerative_colitis_NA_2017	domino_7	10636
Ulcerative_colitis_NA_2017	domino_7	9145
Ulcerative_colitis_NA_2017	domino_7	4257
Ulcerative_colitis_NA_2017	domino_7	94103
Ulcerative_colitis_NA_2017	domino_10	7918
Ulcerative_colitis_NA_2017	domino_10	221527
Ulcerative_colitis_NA_2017	domino_10	7940
Ulcerative_colitis_NA_2017	domino_10	7920
Ulcerative_colitis_NA_2017	domino_10	7916
Ulcerative_colitis_NA_2017	domino_5	150353
Ulcerative_colitis_NA_2017	domino_5	3310
Ulcerative_colitis_NA_2017	domino_5	165721
Ulcerative_colitis_NA_2017	domino_5	3304
Ulcerative_colitis_NA_2017	domino_5	100101267
Ulcerative_colitis_NA_2017	domino_5	85479
Ulcerative_colitis_NA_2017	domino_5	3300
Ulcerative_colitis_NA_2017	domino_5	3303
Ulcerative_colitis_NA_2017	domino_5	3305
Ulcerative_colitis_NA_2017	domino_5	23534
Ulcerative_colitis_NA_2017	domino_5	23279
Ulcerative_colitis_NA_2017	domino_8	3706
Ulcerative_colitis_NA_2017	domino_8	253430
Ulcerative_colitis_NA_2017	domino_8	56623
Ulcerative_colitis_NA_2017	domino_8	8821
Ulcerative_colitis_NA_2017	domino_8	9807
Ulcerative_colitis_NA_2017	domino_8	8897
Ulcerative_colitis_NA_2017	domino_8	89869
Ulcerative_colitis_NA_2017	domino_11	1294
Ulcerative_colitis_NA_2017	domino_11	340267
Ulcerative_colitis_NA_2017	domino_11	8974
Ulcerative_colitis_NA_2017	domino_11	1302
Ulcerative_colitis_NA_2017	domino_9	6605
Ulcerative_colitis_NA_2017	domino_9	196528
Ulcerative_colitis_NA_2017	domino_9	51412
Ulcerative_colitis_NA_2017	domino_9	676
Ulcerative_colitis_NA_2017	domino_9	83637
Ulcerative_colitis_NA_2017	domino_9	1788
Vitiligo_NA_2016	domino_1	3812
Vitiligo_NA_2016	domino_1	3135
Vitiligo_NA_2016	domino_1	3802
Vitiligo_NA_2016	domino_1	7726
Vitiligo_NA_2016	domino_1	388646
Vitiligo_NA_2016	domino_1	2923
Vitiligo_NA_2016	domino_1	6892
Vitiligo_NA_2016	domino_1	9436
Vitiligo_NA_2016	domino_1	100507436
Vitiligo_NA_2016	domino_1	115653
Vitiligo_NA_2016	domino_1	3127
Vitiligo_NA_2016	domino_1	11126
Vitiligo_NA_2016	domino_1	11024
Vitiligo_NA_2016	domino_1	10665
Vitiligo_NA_2016	domino_1	56244
Vitiligo_NA_2016	domino_1	259197
Vitiligo_NA_2016	domino_1	79168
Vitiligo_NA_2016	domino_1	3811
Vitiligo_NA_2016	domino_1	821
Vitiligo_NA_2016	domino_1	3821
Vitiligo_NA_2016	domino_1	3123
Vitiligo_NA_2016	domino_1	8722
Vitiligo_NA_2016	domino_1	3122
Vitiligo_NA_2016	domino_1	3119
Vitiligo_NA_2016	domino_1	23547
Vitiligo_NA_2016	domino_1	11006
Vitiligo_NA_2016	domino_1	23111
Vitiligo_NA_2016	domino_1	3107
Vitiligo_NA_2016	domino_1	3106
Vitiligo_NA_2016	domino_1	3140
Vitiligo_NA_2016	domino_1	3823
Vitiligo_NA_2016	domino_1	3133
Vitiligo_NA_2016	domino_1	26191
Vitiligo_NA_2016	domino_1	3663
Vitiligo_NA_2016	domino_1	11027
Vitiligo_NA_2016	domino_1	6769
Vitiligo_NA_2016	domino_1	10859
Vitiligo_NA_2016	domino_1	3117
Vitiligo_NA_2016	domino_1	811
Vitiligo_NA_2016	domino_1	55080
Vitiligo_NA_2016	domino_1	3105
Vitiligo_NA_2016	domino_1	1519
Vitiligo_NA_2016	domino_1	3804
Vitiligo_NA_2016	domino_1	55016
Vitiligo_NA_2016	domino_1	22914
Vitiligo_NA_2016	domino_1	8302
Vitiligo_NA_2016	domino_1	11025
Vitiligo_NA_2016	domino_1	3134
Vitiligo_NA_2016	domino_1	10666
Vitiligo_NA_2016	domino_1	11074
Vitiligo_NA_2016	domino_1	6890
Vitiligo_NA_2016	domino_1	4277
Vitiligo_NA_2016	domino_1	80329
Vitiligo_NA_2016	domino_1	3805
Vitiligo_NA_2016	domino_1	1510
Vitiligo_NA_2016	domino_1	960
Vitiligo_NA_2016	domino_1	10990
Vitiligo_NA_2016	domino_1	972
Vitiligo_NA_2016	domino_1	3661
Vitiligo_NA_2016	domino_1	353514
Vitiligo_NA_2016	domino_1	4599
Vitiligo_NA_2016	domino_1	64761
Vitiligo_NA_2016	domino_2	23054
Vitiligo_NA_2016	domino_2	474382
Vitiligo_NA_2016	domino_2	8341
Vitiligo_NA_2016	domino_2	644186
Vitiligo_NA_2016	domino_2	8340
Vitiligo_NA_2016	domino_2	473
Vitiligo_NA_2016	domino_2	3066
Vitiligo_NA_2016	domino_2	5252
Vitiligo_NA_2016	domino_2	255626
Vitiligo_NA_2016	domino_2	10919
Vitiligo_NA_2016	domino_2	3276
Vitiligo_NA_2016	domino_2	192670
Vitiligo_NA_2016	domino_2	5089
Vitiligo_NA_2016	domino_2	4211
Vitiligo_NA_2016	domino_3	5272
Vitiligo_NA_2016	domino_3	3002
Vitiligo_NA_2016	domino_3	3559
Vitiligo_NA_2016	domino_3	85480
Vitiligo_NA_2016	domino_3	327657
Vitiligo_NA_2016	domino_3	27086
Vitiligo_NA_2016	domino_3	5770
Vitiligo_NA_2016	domino_3	8660
Vitiligo_NA_2016	domino_3	3965
Vitiligo_NA_2016	domino_3	50943
Vitiligo_NA_2016	domino_3	2999
Vitiligo_NA_2016	domino_3	10578
Vitiligo_NA_2016	domino_3	7071
Vitiligo_NA_2016	domino_5	3009
Vitiligo_NA_2016	domino_5	723790
Vitiligo_NA_2016	domino_5	23264
Vitiligo_NA_2016	domino_5	54799
Vitiligo_NA_2016	domino_5	1616
Vitiligo_NA_2016	domino_5	8362
Vitiligo_NA_2016	domino_5	8329
Vitiligo_NA_2016	domino_5	2648
Vitiligo_NA_2016	domino_5	317772
Vitiligo_NA_2016	domino_5	55257
Vitiligo_NA_2016	domino_6	3304
Vitiligo_NA_2016	domino_6	100101267
Vitiligo_NA_2016	domino_6	85479
Vitiligo_NA_2016	domino_6	3305
Vitiligo_NA_2016	domino_6	150353
Vitiligo_NA_2016	domino_6	3303
Vitiligo_NA_2016	domino_6	10783
Vitiligo_NA_2016	domino_6	348995
Vitiligo_NA_2016	domino_9	169166
Vitiligo_NA_2016	domino_9	8859
Vitiligo_NA_2016	domino_9	6499
Vitiligo_NA_2016	domino_9	7203
Vitiligo_NA_2016	domino_9	10471
Vitiligo_NA_2016	domino_10	7916
Vitiligo_NA_2016	domino_10	221527
Vitiligo_NA_2016	domino_10	7920
Vitiligo_NA_2016	domino_10	7940
Vitiligo_NA_2016	domino_10	7918
Vitiligo_NA_2016	domino_8	5036
Vitiligo_NA_2016	domino_8	387263
Vitiligo_NA_2016	domino_8	79007
Vitiligo_NA_2016	domino_8	22980
Vitiligo_NA_2016	domino_8	8635
Vitiligo_NA_2016	domino_8	1511
Vitiligo_NA_2016	domino_7	6382
Vitiligo_NA_2016	domino_7	7148
Vitiligo_NA_2016	domino_7	63827
Vitiligo_NA_2016	domino_7	633
Vitiligo_NA_2016	domino_7	8840
Vitiligo_NA_2016	domino_7	3339
Vitiligo_NA_2016	domino_7	55959
Vitiligo_NA_2016	domino_4	1638
Vitiligo_NA_2016	domino_4	51151
Vitiligo_NA_2016	domino_4	7306
Vitiligo_NA_2016	domino_4	2315
Vitiligo_NA_2016	domino_4	7299
Vitiligo_NA_2016	domino_4	283652
Vitiligo_NA_2016	domino_4	81557
Vitiligo_NA_2016	domino_4	6490
Vitiligo_NA_2016	domino_4	4948
Vitiligo_NA_2016	domino_4	4286
Vitiligo_NA_2016	domino_4	60401
Vitiligo_NA_2016	domino_4	728239
White_blood_cell_count_NA_2018	domino_3	9861
White_blood_cell_count_NA_2018	domino_3	399473
White_blood_cell_count_NA_2018	domino_3	4855
White_blood_cell_count_NA_2018	domino_3	51162
White_blood_cell_count_NA_2018	domino_3	5702
White_blood_cell_count_NA_2018	domino_3	339745
White_blood_cell_count_NA_2018	domino_3	5709
White_blood_cell_count_NA_2018	domino_3	4049
White_blood_cell_count_NA_2018	domino_3	51330
White_blood_cell_count_NA_2018	domino_3	4050
White_blood_cell_count_NA_2018	domino_3	9491
White_blood_cell_count_NA_2018	domino_3	51684
White_blood_cell_count_NA_2018	domino_3	8792
White_blood_cell_count_NA_2018	domino_2	3115
White_blood_cell_count_NA_2018	domino_2	388646
White_blood_cell_count_NA_2018	domino_2	3122
White_blood_cell_count_NA_2018	domino_2	3140
White_blood_cell_count_NA_2018	domino_2	3107
White_blood_cell_count_NA_2018	domino_2	55080
White_blood_cell_count_NA_2018	domino_2	3106
White_blood_cell_count_NA_2018	domino_2	3113
White_blood_cell_count_NA_2018	domino_2	117854
White_blood_cell_count_NA_2018	domino_2	55016
White_blood_cell_count_NA_2018	domino_2	81603
White_blood_cell_count_NA_2018	domino_2	3663
White_blood_cell_count_NA_2018	domino_2	4277
White_blood_cell_count_NA_2018	domino_2	22914
White_blood_cell_count_NA_2018	domino_2	3802
White_blood_cell_count_NA_2018	domino_1	57798
White_blood_cell_count_NA_2018	domino_1	57649
White_blood_cell_count_NA_2018	domino_1	29072
White_blood_cell_count_NA_2018	domino_1	84444
White_blood_cell_count_NA_2018	domino_1	6688
White_blood_cell_count_NA_2018	domino_1	474382
White_blood_cell_count_NA_2018	domino_1	146562
White_blood_cell_count_NA_2018	domino_1	4212
White_blood_cell_count_NA_2018	domino_1	55871
White_blood_cell_count_NA_2018	domino_1	2019
White_blood_cell_count_NA_2018	domino_1	84193
White_blood_cell_count_NA_2018	domino_1	1747
White_blood_cell_count_NA_2018	domino_1	5089
White_blood_cell_count_NA_2018	domino_1	23411
White_blood_cell_count_NA_2018	domino_1	9112
White_blood_cell_count_NA_2018	domino_1	23090
White_blood_cell_count_NA_2018	domino_1	3205
White_blood_cell_count_NA_2018	domino_6	26086
White_blood_cell_count_NA_2018	domino_6	729230
White_blood_cell_count_NA_2018	domino_6	2920
White_blood_cell_count_NA_2018	domino_6	8698
White_blood_cell_count_NA_2018	domino_6	339403
White_blood_cell_count_NA_2018	domino_6	1238
White_blood_cell_count_NA_2018	domino_6	56477
White_blood_cell_count_NA_2018	domino_6	2921
White_blood_cell_count_NA_2018	domino_9	9862
White_blood_cell_count_NA_2018	domino_9	400569
White_blood_cell_count_NA_2018	domino_9	9325
White_blood_cell_count_NA_2018	domino_9	9968
White_blood_cell_count_NA_2018	domino_9	9611
White_blood_cell_count_NA_2018	domino_9	9572
White_blood_cell_count_NA_2018	domino_9	7067
White_blood_cell_count_NA_2018	domino_5	55297
White_blood_cell_count_NA_2018	domino_5	26088
White_blood_cell_count_NA_2018	domino_5	1950
White_blood_cell_count_NA_2018	domino_5	127833
White_blood_cell_count_NA_2018	domino_5	163882
White_blood_cell_count_NA_2018	domino_5	10109
White_blood_cell_count_NA_2018	domino_5	25930
White_blood_cell_count_NA_2018	domino_5	10254
White_blood_cell_count_NA_2018	domino_5	5868
White_blood_cell_count_NA_2018	domino_4	7124
White_blood_cell_count_NA_2018	domino_4	25816
White_blood_cell_count_NA_2018	domino_4	56928
White_blood_cell_count_NA_2018	domino_4	84888
White_blood_cell_count_NA_2018	domino_4	330
White_blood_cell_count_NA_2018	domino_4	597
White_blood_cell_count_NA_2018	domino_4	578
White_blood_cell_count_NA_2018	domino_4	4170
White_blood_cell_count_NA_2018	domino_4	114548
White_blood_cell_count_NA_2018	domino_4	81793
White_blood_cell_count_NA_2018	domino_12	58480
White_blood_cell_count_NA_2018	domino_12	117289
White_blood_cell_count_NA_2018	domino_12	2768
White_blood_cell_count_NA_2018	domino_12	5879
White_blood_cell_count_NA_2018	domino_12	90627
White_blood_cell_count_NA_2018	domino_12	64759
White_blood_cell_count_NA_2018	domino_13	7060
White_blood_cell_count_NA_2018	domino_13	948
White_blood_cell_count_NA_2018	domino_13	94103
White_blood_cell_count_NA_2018	domino_13	441864
White_blood_cell_count_NA_2018	domino_13	64114
White_blood_cell_count_NA_2018	domino_13	353189
White_blood_cell_count_NA_2018	domino_10	25953
White_blood_cell_count_NA_2018	domino_10	55515
White_blood_cell_count_NA_2018	domino_10	1041
White_blood_cell_count_NA_2018	domino_10	170679
White_blood_cell_count_NA_2018	domino_10	10223
White_blood_cell_count_NA_2018	domino_10	5493
White_blood_cell_count_NA_2018	domino_7	112937
White_blood_cell_count_NA_2018	domino_7	115677
White_blood_cell_count_NA_2018	domino_7	89944
White_blood_cell_count_NA_2018	domino_7	1615
White_blood_cell_count_NA_2018	domino_7	92935
White_blood_cell_count_NA_2018	domino_7	55699
White_blood_cell_count_NA_2018	domino_7	9374
White_blood_cell_count_NA_2018	domino_8	80352
White_blood_cell_count_NA_2018	domino_8	6941
White_blood_cell_count_NA_2018	domino_8	54535
White_blood_cell_count_NA_2018	domino_8	126295
White_blood_cell_count_NA_2018	domino_8	55143
White_blood_cell_count_NA_2018	domino_8	10023
White_blood_cell_count_NA_2018	domino_8	5516
White_blood_cell_count_NA_2018	domino_15	151306
White_blood_cell_count_NA_2018	domino_15	319100
White_blood_cell_count_NA_2018	domino_15	5745
White_blood_cell_count_NA_2018	domino_16	1032
White_blood_cell_count_NA_2018	domino_16	1019
White_blood_cell_count_NA_2018	domino_16	1021
White_blood_cell_count_NA_2018	domino_17	84273
White_blood_cell_count_NA_2018	domino_17	158234
White_blood_cell_count_NA_2018	domino_17	64960
White_blood_cell_count_NA_2018	domino_18	80243
White_blood_cell_count_NA_2018	domino_18	5728
White_blood_cell_count_NA_2018	domino_18	56623
White_blood_cell_count_NA_2018	domino_14	79966
White_blood_cell_count_NA_2018	domino_14	10965
White_blood_cell_count_NA_2018	domino_14	5189
White_blood_cell_count_NA_2018	domino_14	5828
White_blood_cell_count_NA_2018	domino_11	150275
White_blood_cell_count_NA_2018	domino_11	10963
White_blood_cell_count_NA_2018	domino_11	80864
White_blood_cell_count_NA_2018	domino_11	63943
White_blood_cell_count_NA_2018	domino_11	54851
White_blood_cell_count_NA_2018	domino_11	3326
